{
    "-O0": {
        "0": {
            "joules": 10.34,
            "seconds": 0.366735216
        },
        "1": {
            "joules": 10.22,
            "seconds": 0.362519836
        },
        "2": {
            "joules": 10.26,
            "seconds": 0.364164489
        },
        "3": {
            "joules": 10.24,
            "seconds": 0.363501906
        },
        "4": {
            "joules": 10.35,
            "seconds": 0.365679872
        },
        "5": {
            "joules": 10.31,
            "seconds": 0.364248501
        },
        "6": {
            "joules": 10.3,
            "seconds": 0.363299332
        },
        "7": {
            "joules": 10.27,
            "seconds": 0.363076012
        },
        "8": {
            "joules": 10.47,
            "seconds": 0.372752606
        },
        "9": {
            "joules": 10.21,
            "seconds": 0.361978688
        },
        "avg": {
            "joules": 10.297,
            "seconds": 0.3647956458
        },
        "stddev": {
            "joules": 0.07717944458640955,
            "seconds": 0.0031365081442986447
        }
    },
    "-O1": {
        "0": {
            "joules": 11.03,
            "seconds": 0.395266631
        },
        "1": {
            "joules": 10.92,
            "seconds": 0.386836343
        },
        "2": {
            "joules": 10.94,
            "seconds": 0.387423078
        },
        "3": {
            "joules": 10.95,
            "seconds": 0.387905155
        },
        "4": {
            "joules": 10.93,
            "seconds": 0.387095488
        },
        "5": {
            "joules": 11.01,
            "seconds": 0.388677704
        },
        "6": {
            "joules": 10.93,
            "seconds": 0.385544018
        },
        "7": {
            "joules": 10.99,
            "seconds": 0.388652295
        },
        "8": {
            "joules": 10.94,
            "seconds": 0.387024217
        },
        "9": {
            "joules": 10.98,
            "seconds": 0.387857745
        },
        "avg": {
            "joules": 10.962,
            "seconds": 0.3882282674
        },
        "stddev": {
            "joules": 0.037947331922020586,
            "seconds": 0.00263914860391912
        }
    },
    "-O2": {
        "0": {
            "joules": 11.32,
            "seconds": 0.400448326
        },
        "1": {
            "joules": 11.45,
            "seconds": 0.403625551
        },
        "2": {
            "joules": 11.32,
            "seconds": 0.400141855
        },
        "3": {
            "joules": 11.28,
            "seconds": 0.397765602
        },
        "4": {
            "joules": 11.26,
            "seconds": 0.39762145
        },
        "5": {
            "joules": 11.26,
            "seconds": 0.397587196
        },
        "6": {
            "joules": 11.33,
            "seconds": 0.400824774
        },
        "7": {
            "joules": 11.29,
            "seconds": 0.398767403
        },
        "8": {
            "joules": 11.25,
            "seconds": 0.397226468
        },
        "9": {
            "joules": 11.27,
            "seconds": 0.397667028
        },
        "avg": {
            "joules": 11.302999999999999,
            "seconds": 0.39916756529999997
        },
        "stddev": {
            "joules": 0.0588878406615302,
            "seconds": 0.0020613562711605015
        }
    },
    "-O3": {
        "0": {
            "joules": 11.24,
            "seconds": 0.398366859
        },
        "1": {
            "joules": 11.27,
            "seconds": 0.398960885
        },
        "2": {
            "joules": 11.24,
            "seconds": 0.396646887
        },
        "3": {
            "joules": 11.25,
            "seconds": 0.396886174
        },
        "4": {
            "joules": 11.4,
            "seconds": 0.40757717
        },
        "5": {
            "joules": 11.38,
            "seconds": 0.401782384
        },
        "6": {
            "joules": 11.33,
            "seconds": 0.400231753
        },
        "7": {
            "joules": 11.25,
            "seconds": 0.399027436
        },
        "8": {
            "joules": 11.28,
            "seconds": 0.399227375
        },
        "9": {
            "joules": 11.3,
            "seconds": 0.399730139
        },
        "avg": {
            "joules": 11.294,
            "seconds": 0.3998437062
        },
        "stddev": {
            "joules": 0.05815687596683857,
            "seconds": 0.0031037911156872773
        }
    }
}