{
    "0": {
        "joules": 16.95,
        "seconds": 0.41804495
    },
    "1": {
        "joules": 16.78,
        "seconds": 0.409697535
    },
    "2": {
        "joules": 16.71,
        "seconds": 0.411484624
    },
    "3": {
        "joules": 16.55,
        "seconds": 0.409291001
    },
    "4": {
        "joules": 16.51,
        "seconds": 0.406899709
    },
    "5": {
        "joules": 16.53,
        "seconds": 0.4080702
    },
    "6": {
        "joules": 16.42,
        "seconds": 0.406523733
    },
    "7": {
        "joules": 16.66,
        "seconds": 0.408397091
    },
    "8": {
        "joules": 16.24,
        "seconds": 0.40245704
    },
    "9": {
        "joules": 16.35,
        "seconds": 0.402105326
    },
    "avg": {
        "joules": 16.57,
        "seconds": 0.4082971209
    },
    "stddev": {
        "joules": 0.21123972690339807,
        "seconds": 0.004542800485506488
    }
}