{
    "-O0": {
        "0": {
            "joules": 13.48,
            "seconds": 0.489281982
        },
        "1": {
            "joules": 13.17,
            "seconds": 0.466958616
        },
        "2": {
            "joules": 13.05,
            "seconds": 0.463112926
        },
        "3": {
            "joules": 13.22,
            "seconds": 0.467700725
        },
        "4": {
            "joules": 13.32,
            "seconds": 0.470250327
        },
        "5": {
            "joules": 13.25,
            "seconds": 0.469741531
        },
        "6": {
            "joules": 13.11,
            "seconds": 0.464675764
        },
        "7": {
            "joules": 13.11,
            "seconds": 0.464604605
        },
        "8": {
            "joules": 13.29,
            "seconds": 0.47048055
        },
        "9": {
            "joules": 13.2,
            "seconds": 0.468765061
        },
        "avg": {
            "joules": 13.22,
            "seconds": 0.4695572087
        },
        "stddev": {
            "joules": 0.12445436468396322,
            "seconds": 0.007387270640125611
        }
    },
    "-O1": {
        "0": {
            "joules": 13.67,
            "seconds": 0.483805649
        },
        "1": {
            "joules": 13.51,
            "seconds": 0.479563752
        },
        "2": {
            "joules": 13.84,
            "seconds": 0.492677425
        },
        "3": {
            "joules": 13.77,
            "seconds": 0.486279432
        },
        "4": {
            "joules": 13.68,
            "seconds": 0.484710737
        },
        "5": {
            "joules": 13.42,
            "seconds": 0.475832542
        },
        "6": {
            "joules": 13.54,
            "seconds": 0.480314088
        },
        "7": {
            "joules": 13.44,
            "seconds": 0.47547605
        },
        "8": {
            "joules": 13.57,
            "seconds": 0.480289038
        },
        "9": {
            "joules": 13.6,
            "seconds": 0.481951578
        },
        "avg": {
            "joules": 13.604,
            "seconds": 0.4820900291
        },
        "stddev": {
            "joules": 0.1367235653913887,
            "seconds": 0.005111589825617325
        }
    },
    "-O2": {
        "0": {
            "joules": 13.65,
            "seconds": 0.484277149
        },
        "1": {
            "joules": 13.75,
            "seconds": 0.486246088
        },
        "2": {
            "joules": 13.58,
            "seconds": 0.481779132
        },
        "3": {
            "joules": 13.48,
            "seconds": 0.479352595
        },
        "4": {
            "joules": 13.71,
            "seconds": 0.485524366
        },
        "5": {
            "joules": 13.61,
            "seconds": 0.481766235
        },
        "6": {
            "joules": 13.66,
            "seconds": 0.483891163
        },
        "7": {
            "joules": 13.68,
            "seconds": 0.484746189
        },
        "8": {
            "joules": 13.66,
            "seconds": 0.483348241
        },
        "9": {
            "joules": 13.67,
            "seconds": 0.483599413
        },
        "avg": {
            "joules": 13.645,
            "seconds": 0.48345305709999997
        },
        "stddev": {
            "joules": 0.0747217059048663,
            "seconds": 0.0020310967604531926
        }
    },
    "-O3": {
        "0": {
            "joules": 13.49,
            "seconds": 0.479900535
        },
        "1": {
            "joules": 13.52,
            "seconds": 0.480039188
        },
        "2": {
            "joules": 13.62,
            "seconds": 0.483777582
        },
        "3": {
            "joules": 13.5,
            "seconds": 0.479239188
        },
        "4": {
            "joules": 13.63,
            "seconds": 0.483266259
        },
        "5": {
            "joules": 13.71,
            "seconds": 0.484885605
        },
        "6": {
            "joules": 13.53,
            "seconds": 0.479855224
        },
        "7": {
            "joules": 13.61,
            "seconds": 0.481950219
        },
        "8": {
            "joules": 13.74,
            "seconds": 0.48670119
        },
        "9": {
            "joules": 13.65,
            "seconds": 0.485093833
        },
        "avg": {
            "joules": 13.6,
            "seconds": 0.4824708823
        },
        "stddev": {
            "joules": 0.08755950357709157,
            "seconds": 0.0026462295315816966
        }
    }
}