{
    "0": {
        "joules": 16.67,
        "seconds": 0.427234957
    },
    "1": {
        "joules": 16.33,
        "seconds": 0.402567776
    },
    "2": {
        "joules": 16.11,
        "seconds": 0.394021707
    },
    "3": {
        "joules": 15.92,
        "seconds": 0.405400451
    },
    "4": {
        "joules": 16.25,
        "seconds": 0.398936438
    },
    "5": {
        "joules": 16.3,
        "seconds": 0.405548871
    },
    "6": {
        "joules": 16.21,
        "seconds": 0.396368404
    },
    "7": {
        "joules": 15.99,
        "seconds": 0.403568438
    },
    "8": {
        "joules": 16.48,
        "seconds": 0.413250591
    },
    "9": {
        "joules": 16.16,
        "seconds": 0.396039172
    },
    "avg": {
        "joules": 16.242,
        "seconds": 0.4042936805
    },
    "stddev": {
        "joules": 0.2219509455312646,
        "seconds": 0.009876987762127141
    }
}