{
    "0": {
        "joules": 16.8,
        "seconds": 0.43980424
    },
    "1": {
        "joules": 16.56,
        "seconds": 0.434504084
    },
    "2": {
        "joules": 16.79,
        "seconds": 0.417910703
    },
    "3": {
        "joules": 16.93,
        "seconds": 0.435702626
    },
    "4": {
        "joules": 16.93,
        "seconds": 0.452059481
    },
    "5": {
        "joules": 16.85,
        "seconds": 0.422406274
    },
    "6": {
        "joules": 16.94,
        "seconds": 0.457584874
    },
    "7": {
        "joules": 16.59,
        "seconds": 0.410679314
    },
    "8": {
        "joules": 16.61,
        "seconds": 0.411026216
    },
    "9": {
        "joules": 16.64,
        "seconds": 0.410517897
    },
    "avg": {
        "joules": 16.764,
        "seconds": 0.4292195709
    },
    "stddev": {
        "joules": 0.15145222935889027,
        "seconds": 0.017343095386751477
    }
}