{
    "0": {
        "joules": 16.86,
        "seconds": 0.413021076
    },
    "1": {
        "joules": 16.68,
        "seconds": 0.41100398
    },
    "2": {
        "joules": 16.46,
        "seconds": 0.407032555
    },
    "3": {
        "joules": 16.89,
        "seconds": 0.41710322
    },
    "4": {
        "joules": 16.78,
        "seconds": 0.410490351
    },
    "5": {
        "joules": 16.72,
        "seconds": 0.410784478
    },
    "6": {
        "joules": 16.3,
        "seconds": 0.404040698
    },
    "7": {
        "joules": 16.6,
        "seconds": 0.408518957
    },
    "8": {
        "joules": 16.66,
        "seconds": 0.408497294
    },
    "9": {
        "joules": 16.67,
        "seconds": 0.409854504
    },
    "avg": {
        "joules": 16.662,
        "seconds": 0.4100347113
    },
    "stddev": {
        "joules": 0.17781388522209868,
        "seconds": 0.0034996222721620503
    }
}