{
    "-O0": {
        "0": {
            "joules": 9.48,
            "seconds": 0.334475566
        },
        "1": {
            "joules": 9.28,
            "seconds": 0.329391546
        },
        "2": {
            "joules": 9.3,
            "seconds": 0.329619251
        },
        "3": {
            "joules": 9.41,
            "seconds": 0.33248899
        },
        "4": {
            "joules": 9.32,
            "seconds": 0.329715054
        },
        "5": {
            "joules": 9.36,
            "seconds": 0.332069915
        },
        "6": {
            "joules": 9.45,
            "seconds": 0.333690855
        },
        "7": {
            "joules": 9.35,
            "seconds": 0.330178771
        },
        "8": {
            "joules": 9.3,
            "seconds": 0.329100901
        },
        "9": {
            "joules": 9.35,
            "seconds": 0.331426105
        },
        "avg": {
            "joules": 9.36,
            "seconds": 0.3312156954
        },
        "stddev": {
            "joules": 0.06699917080747253,
            "seconds": 0.0019097429079501917
        }
    },
    "-O1": {
        "0": {
            "joules": 10.23,
            "seconds": 0.360910002
        },
        "1": {
            "joules": 10.13,
            "seconds": 0.358415002
        },
        "2": {
            "joules": 10.21,
            "seconds": 0.360304182
        },
        "3": {
            "joules": 10.15,
            "seconds": 0.35957224
        },
        "4": {
            "joules": 10.23,
            "seconds": 0.366489624
        },
        "5": {
            "joules": 10.22,
            "seconds": 0.359584063
        },
        "6": {
            "joules": 10.29,
            "seconds": 0.362088693
        },
        "7": {
            "joules": 10.17,
            "seconds": 0.358535773
        },
        "8": {
            "joules": 10.13,
            "seconds": 0.358336329
        },
        "9": {
            "joules": 10.14,
            "seconds": 0.357419771
        },
        "avg": {
            "joules": 10.190000000000001,
            "seconds": 0.3601655679
        },
        "stddev": {
            "joules": 0.05395471352079518,
            "seconds": 0.00261537984505827
        }
    },
    "-O2": {
        "0": {
            "joules": 10.5,
            "seconds": 0.368829726
        },
        "1": {
            "joules": 10.45,
            "seconds": 0.36797366
        },
        "2": {
            "joules": 10.48,
            "seconds": 0.369402382
        },
        "3": {
            "joules": 10.51,
            "seconds": 0.36941124
        },
        "4": {
            "joules": 10.46,
            "seconds": 0.368690046
        },
        "5": {
            "joules": 10.51,
            "seconds": 0.370163755
        },
        "6": {
            "joules": 10.57,
            "seconds": 0.372460216
        },
        "7": {
            "joules": 10.57,
            "seconds": 0.372353128
        },
        "8": {
            "joules": 10.58,
            "seconds": 0.377468298
        },
        "9": {
            "joules": 10.46,
            "seconds": 0.368000447
        },
        "avg": {
            "joules": 10.509,
            "seconds": 0.3704752898
        },
        "stddev": {
            "joules": 0.04909175083453428,
            "seconds": 0.0029254958412046894
        }
    },
    "-O3": {
        "0": {
            "joules": 10.52,
            "seconds": 0.369913457
        },
        "1": {
            "joules": 10.51,
            "seconds": 0.371757213
        },
        "2": {
            "joules": 10.45,
            "seconds": 0.368203677
        },
        "3": {
            "joules": 10.41,
            "seconds": 0.367550738
        },
        "4": {
            "joules": 10.39,
            "seconds": 0.367608195
        },
        "5": {
            "joules": 10.45,
            "seconds": 0.368729648
        },
        "6": {
            "joules": 10.42,
            "seconds": 0.368043064
        },
        "7": {
            "joules": 10.53,
            "seconds": 0.370466355
        },
        "8": {
            "joules": 10.46,
            "seconds": 0.368473475
        },
        "9": {
            "joules": 10.42,
            "seconds": 0.366796858
        },
        "avg": {
            "joules": 10.456,
            "seconds": 0.368754268
        },
        "stddev": {
            "joules": 0.049035134795821854,
            "seconds": 0.0015193007832109964
        }
    }
}