{
    "-O0": {
        "0": {
            "joules": 7.67,
            "seconds": 0.27056731
        },
        "1": {
            "joules": 7.67,
            "seconds": 0.270032299
        },
        "2": {
            "joules": 7.79,
            "seconds": 0.273307035
        },
        "3": {
            "joules": 7.78,
            "seconds": 0.273169573
        },
        "4": {
            "joules": 7.67,
            "seconds": 0.270685934
        },
        "5": {
            "joules": 7.75,
            "seconds": 0.273236705
        },
        "6": {
            "joules": 7.81,
            "seconds": 0.274768055
        },
        "7": {
            "joules": 7.73,
            "seconds": 0.272342781
        },
        "8": {
            "joules": 7.67,
            "seconds": 0.270845736
        },
        "9": {
            "joules": 7.7,
            "seconds": 0.270157617
        },
        "avg": {
            "joules": 7.724,
            "seconds": 0.2719113045
        },
        "stddev": {
            "joules": 0.055617742972304554,
            "seconds": 0.0016561185191285377
        }
    },
    "-O1": {
        "0": {
            "joules": 8.5,
            "seconds": 0.299250206
        },
        "1": {
            "joules": 8.56,
            "seconds": 0.301031708
        },
        "2": {
            "joules": 8.52,
            "seconds": 0.298420193
        },
        "3": {
            "joules": 8.57,
            "seconds": 0.299173846
        },
        "4": {
            "joules": 8.74,
            "seconds": 0.311067586
        },
        "5": {
            "joules": 8.44,
            "seconds": 0.297360976
        },
        "6": {
            "joules": 8.48,
            "seconds": 0.297995948
        },
        "7": {
            "joules": 8.55,
            "seconds": 0.299243263
        },
        "8": {
            "joules": 8.52,
            "seconds": 0.297548955
        },
        "9": {
            "joules": 8.59,
            "seconds": 0.301041456
        },
        "avg": {
            "joules": 8.547,
            "seconds": 0.3002134137
        },
        "stddev": {
            "joules": 0.08124722217473736,
            "seconds": 0.004020593018628445
        }
    },
    "-O2": {
        "0": {
            "joules": 9.12,
            "seconds": 0.320257273
        },
        "1": {
            "joules": 9.12,
            "seconds": 0.320602718
        },
        "2": {
            "joules": 9.16,
            "seconds": 0.322295664
        },
        "3": {
            "joules": 9.01,
            "seconds": 0.3169067
        },
        "4": {
            "joules": 9.04,
            "seconds": 0.316813244
        },
        "5": {
            "joules": 9.16,
            "seconds": 0.320665078
        },
        "6": {
            "joules": 9.13,
            "seconds": 0.31933993
        },
        "7": {
            "joules": 9.09,
            "seconds": 0.318497459
        },
        "8": {
            "joules": 9.33,
            "seconds": 0.324701707
        },
        "9": {
            "joules": 9.24,
            "seconds": 0.323450165
        },
        "avg": {
            "joules": 9.14,
            "seconds": 0.3203529938
        },
        "stddev": {
            "joules": 0.09261629326299892,
            "seconds": 0.002610294617233845
        }
    },
    "-O3": {
        "0": {
            "joules": 9.68,
            "seconds": 0.339431631
        },
        "1": {
            "joules": 9.49,
            "seconds": 0.332598601
        },
        "2": {
            "joules": 9.58,
            "seconds": 0.334278162
        },
        "3": {
            "joules": 9.61,
            "seconds": 0.336142018
        },
        "4": {
            "joules": 9.49,
            "seconds": 0.332334796
        },
        "5": {
            "joules": 9.53,
            "seconds": 0.33294823
        },
        "6": {
            "joules": 9.47,
            "seconds": 0.331448418
        },
        "7": {
            "joules": 9.52,
            "seconds": 0.334601557
        },
        "8": {
            "joules": 9.59,
            "seconds": 0.335262832
        },
        "9": {
            "joules": 9.49,
            "seconds": 0.333282729
        },
        "avg": {
            "joules": 9.545,
            "seconds": 0.3342328974
        },
        "stddev": {
            "joules": 0.06770032003863277,
            "seconds": 0.002320213736989102
        }
    }
}