{
    "-O0": {
        "0": {
            "joules": 16.42,
            "seconds": 0.577919421
        },
        "1": {
            "joules": 16.19,
            "seconds": 0.571187092
        },
        "2": {
            "joules": 16.36,
            "seconds": 0.575203452
        },
        "3": {
            "joules": 16.26,
            "seconds": 0.572876605
        },
        "4": {
            "joules": 16.32,
            "seconds": 0.573942026
        },
        "5": {
            "joules": 16.35,
            "seconds": 0.575555052
        },
        "6": {
            "joules": 16.35,
            "seconds": 0.575844818
        },
        "7": {
            "joules": 16.23,
            "seconds": 0.572403143
        },
        "8": {
            "joules": 16.39,
            "seconds": 0.576072709
        },
        "9": {
            "joules": 16.53,
            "seconds": 0.585817837
        },
        "avg": {
            "joules": 16.34,
            "seconds": 0.5756822155
        },
        "stddev": {
            "joules": 0.09831920802501753,
            "seconds": 0.004082733057181664
        }
    },
    "-O1": {
        "0": {
            "joules": 17.09,
            "seconds": 0.6022327
        },
        "1": {
            "joules": 17.16,
            "seconds": 0.60365528
        },
        "2": {
            "joules": 17.15,
            "seconds": 0.604473517
        },
        "3": {
            "joules": 17.11,
            "seconds": 0.601877831
        },
        "4": {
            "joules": 17.1,
            "seconds": 0.602051235
        },
        "5": {
            "joules": 17.04,
            "seconds": 0.599795592
        },
        "6": {
            "joules": 17.1,
            "seconds": 0.602616729
        },
        "7": {
            "joules": 17.06,
            "seconds": 0.601120072
        },
        "8": {
            "joules": 17.26,
            "seconds": 0.61237276
        },
        "9": {
            "joules": 17.35,
            "seconds": 0.608580594
        },
        "avg": {
            "joules": 17.142,
            "seconds": 0.603877631
        },
        "stddev": {
            "joules": 0.0954288565721438,
            "seconds": 0.003809160976024182
        }
    },
    "-O2": {
        "0": {
            "joules": 17.69,
            "seconds": 0.621566136
        },
        "1": {
            "joules": 17.77,
            "seconds": 0.624323063
        },
        "2": {
            "joules": 17.63,
            "seconds": 0.620053363
        },
        "3": {
            "joules": 17.59,
            "seconds": 0.61799634
        },
        "4": {
            "joules": 17.59,
            "seconds": 0.617204979
        },
        "5": {
            "joules": 17.43,
            "seconds": 0.61511118
        },
        "6": {
            "joules": 17.73,
            "seconds": 0.627325057
        },
        "7": {
            "joules": 17.49,
            "seconds": 0.619720054
        },
        "8": {
            "joules": 17.61,
            "seconds": 0.617777325
        },
        "9": {
            "joules": 17.58,
            "seconds": 0.617239324
        },
        "avg": {
            "joules": 17.611,
            "seconds": 0.6198316821000001
        },
        "stddev": {
            "joules": 0.10289692793168248,
            "seconds": 0.0036951168505780924
        }
    },
    "-O3": {
        "0": {
            "joules": 17.66,
            "seconds": 0.621334035
        },
        "1": {
            "joules": 17.6,
            "seconds": 0.618849015
        },
        "2": {
            "joules": 17.54,
            "seconds": 0.616289295
        },
        "3": {
            "joules": 17.67,
            "seconds": 0.620427237
        },
        "4": {
            "joules": 17.7,
            "seconds": 0.626078596
        },
        "5": {
            "joules": 17.58,
            "seconds": 0.617880699
        },
        "6": {
            "joules": 17.44,
            "seconds": 0.61411297
        },
        "7": {
            "joules": 17.67,
            "seconds": 0.620403605
        },
        "8": {
            "joules": 17.43,
            "seconds": 0.614367526
        },
        "9": {
            "joules": 17.48,
            "seconds": 0.614727952
        },
        "avg": {
            "joules": 17.577,
            "seconds": 0.618447093
        },
        "stddev": {
            "joules": 0.10055954565441438,
            "seconds": 0.00378184429064088
        }
    }
}