{
    "-O0": {
        "0": {
            "joules": 14.06,
            "seconds": 0.495212642
        },
        "1": {
            "joules": 14.09,
            "seconds": 0.494281366
        },
        "2": {
            "joules": 14.07,
            "seconds": 0.49459792
        },
        "3": {
            "joules": 14.06,
            "seconds": 0.493595702
        },
        "4": {
            "joules": 14.19,
            "seconds": 0.496749254
        },
        "5": {
            "joules": 14.0,
            "seconds": 0.491386883
        },
        "6": {
            "joules": 13.9,
            "seconds": 0.489565844
        },
        "7": {
            "joules": 14.08,
            "seconds": 0.494325807
        },
        "8": {
            "joules": 14.04,
            "seconds": 0.492726353
        },
        "9": {
            "joules": 14.07,
            "seconds": 0.49401143
        },
        "avg": {
            "joules": 14.056000000000001,
            "seconds": 0.4936453201
        },
        "stddev": {
            "joules": 0.07290785661062553,
            "seconds": 0.002016312070808235
        }
    },
    "-O1": {
        "0": {
            "joules": 14.34,
            "seconds": 0.502572733
        },
        "1": {
            "joules": 14.17,
            "seconds": 0.497753084
        },
        "2": {
            "joules": 14.11,
            "seconds": 0.497270615
        },
        "3": {
            "joules": 14.14,
            "seconds": 0.496947124
        },
        "4": {
            "joules": 14.27,
            "seconds": 0.500767149
        },
        "5": {
            "joules": 14.35,
            "seconds": 0.501740712
        },
        "6": {
            "joules": 14.31,
            "seconds": 0.501625276
        },
        "7": {
            "joules": 14.25,
            "seconds": 0.500581207
        },
        "8": {
            "joules": 14.17,
            "seconds": 0.498342698
        },
        "9": {
            "joules": 14.21,
            "seconds": 0.497960363
        },
        "avg": {
            "joules": 14.232,
            "seconds": 0.4995560961
        },
        "stddev": {
            "joules": 0.08495750571772792,
            "seconds": 0.0021074303137216597
        }
    },
    "-O2": {
        "0": {
            "joules": 15.01,
            "seconds": 0.526653767
        },
        "1": {
            "joules": 14.99,
            "seconds": 0.525916511
        },
        "2": {
            "joules": 15.13,
            "seconds": 0.530655908
        },
        "3": {
            "joules": 14.95,
            "seconds": 0.524570264
        },
        "4": {
            "joules": 15.11,
            "seconds": 0.529996708
        },
        "5": {
            "joules": 15.27,
            "seconds": 0.533927173
        },
        "6": {
            "joules": 15.0,
            "seconds": 0.526405796
        },
        "7": {
            "joules": 15.09,
            "seconds": 0.528826871
        },
        "8": {
            "joules": 15.04,
            "seconds": 0.528215058
        },
        "9": {
            "joules": 14.95,
            "seconds": 0.525379772
        },
        "avg": {
            "joules": 15.054,
            "seconds": 0.5280547828
        },
        "stddev": {
            "joules": 0.0986801792548929,
            "seconds": 0.002871226293465912
        }
    },
    "-O3": {
        "0": {
            "joules": 15.36,
            "seconds": 0.537586915
        },
        "1": {
            "joules": 15.24,
            "seconds": 0.533269071
        },
        "2": {
            "joules": 15.28,
            "seconds": 0.534451389
        },
        "3": {
            "joules": 15.27,
            "seconds": 0.535588538
        },
        "4": {
            "joules": 15.21,
            "seconds": 0.533607885
        },
        "5": {
            "joules": 15.38,
            "seconds": 0.539040084
        },
        "6": {
            "joules": 15.13,
            "seconds": 0.530709971
        },
        "7": {
            "joules": 15.15,
            "seconds": 0.530448796
        },
        "8": {
            "joules": 15.23,
            "seconds": 0.53247291
        },
        "9": {
            "joules": 15.24,
            "seconds": 0.534845786
        },
        "avg": {
            "joules": 15.249,
            "seconds": 0.5342021345
        },
        "stddev": {
            "joules": 0.07950541560869344,
            "seconds": 0.0027438362694666013
        }
    }
}