{
    "0": {
        "joules": 18.59,
        "seconds": 0.460508886
    },
    "1": {
        "joules": 18.24,
        "seconds": 0.443369218
    },
    "2": {
        "joules": 18.12,
        "seconds": 0.442193766
    },
    "3": {
        "joules": 18.25,
        "seconds": 0.445058539
    },
    "4": {
        "joules": 18.13,
        "seconds": 0.444439912
    },
    "5": {
        "joules": 18.45,
        "seconds": 0.448751044
    },
    "6": {
        "joules": 18.17,
        "seconds": 0.443783958
    },
    "7": {
        "joules": 18.27,
        "seconds": 0.442951913
    },
    "8": {
        "joules": 18.12,
        "seconds": 0.440599658
    },
    "9": {
        "joules": 18.19,
        "seconds": 0.445023592
    },
    "avg": {
        "joules": 18.253,
        "seconds": 0.4456680486
    },
    "stddev": {
        "joules": 0.15427608729518322,
        "seconds": 0.00563739001974632
    }
}