{
    "-O0": {
        "0": {
            "0": {
                "joules": 4609.59,
                "seconds": 101.701729612
            },
            "1": {
                "joules": 4607.28,
                "seconds": 101.600856871
            },
            "2": {
                "joules": 4609.01,
                "seconds": 101.666712136
            },
            "3": {
                "joules": 4613.77,
                "seconds": 101.747080736
            },
            "4": {
                "joules": 4609.79,
                "seconds": 101.729501493
            },
            "5": {
                "joules": 4607.62,
                "seconds": 101.673677109
            },
            "6": {
                "joules": 4606.53,
                "seconds": 101.70826532
            },
            "7": {
                "joules": 4609.52,
                "seconds": 101.695228048
            },
            "8": {
                "joules": 4603.72,
                "seconds": 101.69282654
            },
            "9": {
                "joules": 4609.79,
                "seconds": 101.757036964
            },
            "avg": {
                "joules": 4608.662,
                "seconds": 101.6972914829
            },
            "stddev": {
                "joules": 2.631420402241703,
                "seconds": 0.04477432552985697
            }
        }
    },
    "-O1": {
        "0": {
            "0": {
                "joules": 1986.43,
                "seconds": 46.621352507
            },
            "1": {
                "joules": 1991.11,
                "seconds": 46.643718982
            },
            "2": {
                "joules": 1981.43,
                "seconds": 46.516045501
            },
            "3": {
                "joules": 1988.73,
                "seconds": 46.65830555
            },
            "4": {
                "joules": 1991.65,
                "seconds": 46.628484866
            },
            "5": {
                "joules": 1991.54,
                "seconds": 46.644371936
            },
            "6": {
                "joules": 1987.92,
                "seconds": 46.537452296
            },
            "7": {
                "joules": 1989.5,
                "seconds": 46.645565195
            },
            "8": {
                "joules": 1986.09,
                "seconds": 46.641817178
            },
            "9": {
                "joules": 1985.76,
                "seconds": 46.644106149
            },
            "avg": {
                "joules": 1988.016,
                "seconds": 46.618122016
            },
            "stddev": {
                "joules": 3.2077759689022187,
                "seconds": 0.04943434106455691
            }
        }
    },
    "-O2": {
        "0": {
            "0": {
                "joules": 1695.27,
                "seconds": 39.179285798
            },
            "1": {
                "joules": 1695.5,
                "seconds": 39.169943653
            },
            "2": {
                "joules": 1696.42,
                "seconds": 39.223121312
            },
            "3": {
                "joules": 1704.31,
                "seconds": 39.194623207
            },
            "4": {
                "joules": 1693.03,
                "seconds": 39.208770339
            },
            "5": {
                "joules": 1700.07,
                "seconds": 39.222197813
            },
            "6": {
                "joules": 1697.03,
                "seconds": 39.212626554
            },
            "7": {
                "joules": 1699.1,
                "seconds": 39.204099795
            },
            "8": {
                "joules": 1700.73,
                "seconds": 39.223129211
            },
            "9": {
                "joules": 1697.36,
                "seconds": 39.217141883
            },
            "avg": {
                "joules": 1697.882,
                "seconds": 39.2054939565
            },
            "stddev": {
                "joules": 3.2467994497145303,
                "seconds": 0.018764138486283215
            }
        }
    },
    "-O3": {
        "0": {
            "0": {
                "joules": 1706.56,
                "seconds": 39.172000312
            },
            "1": {
                "joules": 1710.11,
                "seconds": 39.233290442
            },
            "2": {
                "joules": 1704.51,
                "seconds": 39.252676141
            },
            "3": {
                "joules": 1711.3,
                "seconds": 39.253272993
            },
            "4": {
                "joules": 1707.87,
                "seconds": 39.242850147
            },
            "5": {
                "joules": 1710.49,
                "seconds": 39.235756495
            },
            "6": {
                "joules": 1711.02,
                "seconds": 39.235726157
            },
            "7": {
                "joules": 1705.8,
                "seconds": 39.197136798
            },
            "8": {
                "joules": 1708.22,
                "seconds": 39.225628751
            },
            "9": {
                "joules": 1708.14,
                "seconds": 39.226897413
            },
            "avg": {
                "joules": 1708.402,
                "seconds": 39.227523564900004
            },
            "stddev": {
                "joules": 2.314811247404656,
                "seconds": 0.025186150026989065
            }
        }
    }
}