{
    "0": {
        "joules": 19.41,
        "seconds": 0.498706929
    },
    "1": {
        "joules": 19.22,
        "seconds": 0.463261384
    },
    "2": {
        "joules": 19.06,
        "seconds": 0.456913283
    },
    "3": {
        "joules": 18.92,
        "seconds": 0.454572994
    },
    "4": {
        "joules": 18.95,
        "seconds": 0.458210323
    },
    "5": {
        "joules": 18.78,
        "seconds": 0.445394651
    },
    "6": {
        "joules": 18.94,
        "seconds": 0.455594008
    },
    "7": {
        "joules": 18.73,
        "seconds": 0.443568997
    },
    "8": {
        "joules": 18.62,
        "seconds": 0.442648725
    },
    "9": {
        "joules": 18.56,
        "seconds": 0.446483145
    },
    "avg": {
        "joules": 18.919,
        "seconds": 0.4565354439
    },
    "stddev": {
        "joules": 0.26379495404153896,
        "seconds": 0.0163893380177853
    }
}