{
    "flag0": {
        "0": {
            "0": {
                "joules": 13906.32,
                "seconds": 252.240408017
            },
            "1": {
                "joules": 13879.56,
                "seconds": 251.483102086
            },
            "2": {
                "joules": 13885.76,
                "seconds": 251.802005158
            },
            "3": {
                "joules": 13925.3,
                "seconds": 253.99574097
            },
            "4": {
                "joules": 13904.2,
                "seconds": 253.434621262
            },
            "5": {
                "joules": 13917.89,
                "seconds": 252.297524389
            },
            "6": {
                "joules": 13917.94,
                "seconds": 253.258217789
            },
            "7": {
                "joules": 13923.24,
                "seconds": 252.781524398
            },
            "8": {
                "joules": 13883.05,
                "seconds": 251.777457388
            },
            "9": {
                "joules": 13940.57,
                "seconds": 253.157178464
            },
            "avg": {
                "joules": 13908.383,
                "seconds": 252.6227779921
            },
            "stddev": {
                "joules": 20.35986632241643,
                "seconds": 0.829844543597601
            }
        }
    },
    "flag1": {
        "0": {
            "0": {
                "joules": 4172.66,
                "seconds": 97.240013559
            },
            "1": {
                "joules": 4186.58,
                "seconds": 97.2770652
            },
            "2": {
                "joules": 4073.87,
                "seconds": 94.654133561
            },
            "3": {
                "joules": 4066.28,
                "seconds": 94.699813293
            },
            "4": {
                "joules": 4111.48,
                "seconds": 96.48009592
            },
            "5": {
                "joules": 4108.86,
                "seconds": 95.482807939
            },
            "6": {
                "joules": 4156.95,
                "seconds": 96.822613357
            },
            "7": {
                "joules": 4098.86,
                "seconds": 94.896016872
            },
            "8": {
                "joules": 4194.21,
                "seconds": 97.92333658
            },
            "9": {
                "joules": 4116.32,
                "seconds": 96.012599602
            },
            "avg": {
                "joules": 4128.607,
                "seconds": 96.1488495883
            },
            "stddev": {
                "joules": 45.957155663363984,
                "seconds": 1.1804727230691343
            }
        }
    },
    "flag2": {
        "0": {
            "0": {
                "joules": 8878.65,
                "seconds": 176.772607474
            },
            "1": {
                "joules": 8872.26,
                "seconds": 176.956706074
            },
            "2": {
                "joules": 8706.19,
                "seconds": 173.740732213
            },
            "3": {
                "joules": 8936.6,
                "seconds": 178.024039109
            },
            "4": {
                "joules": 8964.4,
                "seconds": 177.983466263
            },
            "5": {
                "joules": 8838.61,
                "seconds": 175.748277849
            },
            "6": {
                "joules": 9257.34,
                "seconds": 183.503044783
            },
            "7": {
                "joules": 9096.3,
                "seconds": 182.906407113
            },
            "8": {
                "joules": 8748.93,
                "seconds": 174.129648176
            },
            "9": {
                "joules": 8927.56,
                "seconds": 178.406230593
            },
            "avg": {
                "joules": 8922.684,
                "seconds": 177.8171159647
            },
            "stddev": {
                "joules": 160.79832912343593,
                "seconds": 3.248485699754127
            }
        }
    },
    "flag3": {
        "0": {
            "0": {
                "joules": 62359.0,
                "seconds": 1503.14101093
            },
            "1": {
                "joules": 63753.57,
                "seconds": 1549.759250574
            },
            "2": {
                "joules": 63960.36,
                "seconds": 1560.830747271
            },
            "3": {
                "joules": 62302.52,
                "seconds": 1518.987006734
            },
            "4": {
                "joules": 63221.62,
                "seconds": 1543.08489936
            },
            "5": {
                "joules": 63768.46,
                "seconds": 1552.408302145
            },
            "6": {
                "joules": 62877.38,
                "seconds": 1526.727902536
            },
            "7": {
                "joules": 63557.08,
                "seconds": 1548.560248009
            },
            "8": {
                "joules": 62411.38,
                "seconds": 1519.143016926
            },
            "9": {
                "joules": 64048.86,
                "seconds": 1542.608732746
            },
            "avg": {
                "joules": 63226.023,
                "seconds": 1536.5251117231
            },
            "stddev": {
                "joules": 690.2700961226067,
                "seconds": 18.448949660756007
            }
        }
    },
    "flag4": {
        "0": {
            "0": {
                "joules": 2349.71,
                "seconds": 50.219950634
            },
            "1": {
                "joules": 2316.22,
                "seconds": 47.894135862
            },
            "2": {
                "joules": 2356.68,
                "seconds": 50.628029806
            },
            "3": {
                "joules": 2477.5,
                "seconds": 52.395852739
            },
            "4": {
                "joules": 2364.13,
                "seconds": 50.801929843
            },
            "5": {
                "joules": 2307.67,
                "seconds": 47.467836833
            },
            "6": {
                "joules": 2487.04,
                "seconds": 52.901355
            },
            "7": {
                "joules": 2353.44,
                "seconds": 50.056861853
            },
            "8": {
                "joules": 2354.83,
                "seconds": 50.281485136
            },
            "9": {
                "joules": 2456.37,
                "seconds": 51.873254849
            },
            "avg": {
                "joules": 2382.359,
                "seconds": 50.4520692555
            },
            "stddev": {
                "joules": 65.90581064418119,
                "seconds": 1.752403467319938
            }
        }
    }
}