{
    "-O0": {
        "0": {
            "0": {
                "joules": 3497.74,
                "seconds": 69.06340033
            },
            "1": {
                "joules": 3504.44,
                "seconds": 69.050184009
            },
            "2": {
                "joules": 3509.81,
                "seconds": 69.010799544
            },
            "3": {
                "joules": 3500.92,
                "seconds": 69.012211948
            },
            "4": {
                "joules": 3478.24,
                "seconds": 68.967089156
            },
            "5": {
                "joules": 3508.98,
                "seconds": 69.041223853
            },
            "6": {
                "joules": 3510.14,
                "seconds": 69.038046601
            },
            "7": {
                "joules": 3507.74,
                "seconds": 69.019055291
            },
            "8": {
                "joules": 3501.27,
                "seconds": 69.072382354
            },
            "9": {
                "joules": 3508.13,
                "seconds": 69.03009475
            },
            "avg": {
                "joules": 3502.741,
                "seconds": 69.03044878360001
            },
            "stddev": {
                "joules": 9.611034688199748,
                "seconds": 0.030314263274052258
            }
        }
    },
    "-O1": {
        "0": {
            "0": {
                "joules": 2025.68,
                "seconds": 47.566766988
            },
            "1": {
                "joules": 2025.14,
                "seconds": 47.572142895
            },
            "2": {
                "joules": 2027.42,
                "seconds": 47.595919629
            },
            "3": {
                "joules": 2027.79,
                "seconds": 47.568522712
            },
            "4": {
                "joules": 2027.71,
                "seconds": 47.588926751
            },
            "5": {
                "joules": 2027.28,
                "seconds": 47.582096469
            },
            "6": {
                "joules": 2027.9,
                "seconds": 47.56693772
            },
            "7": {
                "joules": 2027.86,
                "seconds": 47.584582756
            },
            "8": {
                "joules": 2030.76,
                "seconds": 47.57436453
            },
            "9": {
                "joules": 2028.32,
                "seconds": 47.563155872
            },
            "avg": {
                "joules": 2027.586,
                "seconds": 47.5763416322
            },
            "stddev": {
                "joules": 1.5121963423370917,
                "seconds": 0.010951219772469701
            }
        }
    },
    "-O2": {
        "0": {
            "0": {
                "joules": 1912.84,
                "seconds": 44.080478462
            },
            "1": {
                "joules": 1914.55,
                "seconds": 44.082156414
            },
            "2": {
                "joules": 1916.06,
                "seconds": 44.095807721
            },
            "3": {
                "joules": 1912.54,
                "seconds": 44.119495828
            },
            "4": {
                "joules": 1913.82,
                "seconds": 44.060206799
            },
            "5": {
                "joules": 1914.91,
                "seconds": 44.082651251
            },
            "6": {
                "joules": 1913.61,
                "seconds": 44.093051509
            },
            "7": {
                "joules": 1908.82,
                "seconds": 44.059482527
            },
            "8": {
                "joules": 1917.47,
                "seconds": 44.08006357
            },
            "9": {
                "joules": 1909.58,
                "seconds": 44.071981839
            },
            "avg": {
                "joules": 1913.42,
                "seconds": 44.082537592
            },
            "stddev": {
                "joules": 2.6683661251368638,
                "seconds": 0.01765311825901345
            }
        }
    },
    "-O3": {
        "0": {
            "0": {
                "joules": 1656.7,
                "seconds": 39.171178097
            },
            "1": {
                "joules": 1658.32,
                "seconds": 39.213243065
            },
            "2": {
                "joules": 1658.14,
                "seconds": 39.20897762
            },
            "3": {
                "joules": 1654.97,
                "seconds": 39.224811014
            },
            "4": {
                "joules": 1658.22,
                "seconds": 39.221474572
            },
            "5": {
                "joules": 1656.27,
                "seconds": 39.148603411
            },
            "6": {
                "joules": 1654.67,
                "seconds": 39.222383672
            },
            "7": {
                "joules": 1655.72,
                "seconds": 39.199285776
            },
            "8": {
                "joules": 1656.68,
                "seconds": 39.15185233
            },
            "9": {
                "joules": 1658.4,
                "seconds": 39.233350422
            },
            "avg": {
                "joules": 1656.809,
                "seconds": 39.1995159979
            },
            "stddev": {
                "joules": 1.4157483298006497,
                "seconds": 0.031153163964391994
            }
        }
    }
}