{
    "flag0": {
        "0": {
            "0": {
                "joules": 13939.78,
                "seconds": 253.248985623
            },
            "1": {
                "joules": 13922.88,
                "seconds": 253.138096862
            },
            "2": {
                "joules": 13908.93,
                "seconds": 252.862033444
            },
            "3": {
                "joules": 13882.45,
                "seconds": 252.481727044
            },
            "4": {
                "joules": 13887.84,
                "seconds": 253.034064174
            },
            "5": {
                "joules": 13920.26,
                "seconds": 253.286425735
            },
            "6": {
                "joules": 13867.87,
                "seconds": 251.866643935
            },
            "7": {
                "joules": 13985.21,
                "seconds": 254.198127016
            },
            "8": {
                "joules": 13936.32,
                "seconds": 253.259311378
            },
            "9": {
                "joules": 13918.78,
                "seconds": 252.993127649
            },
            "avg": {
                "joules": 13917.032,
                "seconds": 253.036854286
            },
            "stddev": {
                "joules": 33.52618373086218,
                "seconds": 0.598666836805393
            }
        }
    },
    "flag1": {
        "0": {
            "0": {
                "joules": 3806.51,
                "seconds": 86.069867009
            },
            "1": {
                "joules": 3692.29,
                "seconds": 82.136836001
            },
            "2": {
                "joules": 3691.08,
                "seconds": 82.226712332
            },
            "3": {
                "joules": 3726.19,
                "seconds": 82.886568696
            },
            "4": {
                "joules": 3675.32,
                "seconds": 81.359986998
            },
            "5": {
                "joules": 3657.91,
                "seconds": 81.120065879
            },
            "6": {
                "joules": 3723.97,
                "seconds": 83.66454743
            },
            "7": {
                "joules": 3669.02,
                "seconds": 81.817872077
            },
            "8": {
                "joules": 3735.46,
                "seconds": 83.262200719
            },
            "9": {
                "joules": 3667.27,
                "seconds": 81.672934622
            },
            "avg": {
                "joules": 3704.502,
                "seconds": 82.6217591763
            },
            "stddev": {
                "joules": 44.98182714534103,
                "seconds": 1.4621905639145674
            }
        }
    },
    "flag2": {
        "0": {
            "0": {
                "joules": 8948.67,
                "seconds": 177.813540121
            },
            "1": {
                "joules": 8658.19,
                "seconds": 170.814344371
            },
            "2": {
                "joules": 9020.45,
                "seconds": 180.458837784
            },
            "3": {
                "joules": 8738.08,
                "seconds": 173.030038495
            },
            "4": {
                "joules": 8973.69,
                "seconds": 177.492163281
            },
            "5": {
                "joules": 8738.44,
                "seconds": 173.579456068
            },
            "6": {
                "joules": 8714.88,
                "seconds": 173.560922101
            },
            "7": {
                "joules": 8932.37,
                "seconds": 177.355245318
            },
            "8": {
                "joules": 8907.37,
                "seconds": 176.054346869
            },
            "9": {
                "joules": 8898.71,
                "seconds": 175.175743042
            },
            "avg": {
                "joules": 8853.085000000001,
                "seconds": 175.533463745
            },
            "stddev": {
                "joules": 127.56785717152022,
                "seconds": 2.8530495418491117
            }
        }
    },
    "flag3": {
        "0": {
            "0": {
                "joules": 63652.8,
                "seconds": 1536.213341134
            },
            "1": {
                "joules": 62574.15,
                "seconds": 1510.404275154
            },
            "2": {
                "joules": 62342.22,
                "seconds": 1505.303838717
            },
            "3": {
                "joules": 63122.16,
                "seconds": 1526.246686883
            },
            "4": {
                "joules": 62330.73,
                "seconds": 1505.636492929
            },
            "5": {
                "joules": 62594.28,
                "seconds": 1510.40622211
            },
            "6": {
                "joules": 62597.35,
                "seconds": 1509.772422101
            },
            "7": {
                "joules": 62599.18,
                "seconds": 1511.178634955
            },
            "8": {
                "joules": 63026.03,
                "seconds": 1516.954145036
            },
            "9": {
                "joules": 62095.08,
                "seconds": 1495.038207556
            },
            "avg": {
                "joules": 62693.398,
                "seconds": 1512.7154266575
            },
            "stddev": {
                "joules": 455.8165208307204,
                "seconds": 11.51056320029955
            }
        }
    },
    "flag4": {
        "0": {
            "0": {
                "joules": 2734.35,
                "seconds": 56.414133817
            },
            "1": {
                "joules": 2697.43,
                "seconds": 55.357073094
            },
            "2": {
                "joules": 2741.14,
                "seconds": 56.493548416
            },
            "3": {
                "joules": 2749.14,
                "seconds": 57.193475336
            },
            "4": {
                "joules": 2704.28,
                "seconds": 55.614949256
            },
            "5": {
                "joules": 2750.6,
                "seconds": 56.773580503
            },
            "6": {
                "joules": 2706.25,
                "seconds": 55.520838588
            },
            "7": {
                "joules": 2716.08,
                "seconds": 56.355020714
            },
            "8": {
                "joules": 2762.79,
                "seconds": 57.458679394
            },
            "9": {
                "joules": 2727.39,
                "seconds": 56.068642014
            },
            "avg": {
                "joules": 2728.9449999999997,
                "seconds": 56.3249941132
            },
            "stddev": {
                "joules": 22.322733429796994,
                "seconds": 0.7016969147900897
            }
        }
    }
}