{
    "0": {
        "joules": 16.85,
        "seconds": 0.438775419
    },
    "1": {
        "joules": 16.71,
        "seconds": 0.414227943
    },
    "2": {
        "joules": 16.99,
        "seconds": 0.433007852
    },
    "3": {
        "joules": 17.16,
        "seconds": 0.466830155
    },
    "4": {
        "joules": 17.04,
        "seconds": 0.453508619
    },
    "5": {
        "joules": 16.64,
        "seconds": 0.411569268
    },
    "6": {
        "joules": 16.75,
        "seconds": 0.414434403
    },
    "7": {
        "joules": 16.7,
        "seconds": 0.411336509
    },
    "8": {
        "joules": 16.62,
        "seconds": 0.412143659
    },
    "9": {
        "joules": 16.78,
        "seconds": 0.41665121
    },
    "avg": {
        "joules": 16.824,
        "seconds": 0.4272485037
    },
    "stddev": {
        "joules": 0.18228183306809953,
        "seconds": 0.019987678973458906
    }
}