{
    "-O0": {
        "0": {
            "joules": 7.83,
            "seconds": 0.276969426
        },
        "1": {
            "joules": 7.71,
            "seconds": 0.272888946
        },
        "2": {
            "joules": 7.79,
            "seconds": 0.275750701
        },
        "3": {
            "joules": 7.77,
            "seconds": 0.274643088
        },
        "4": {
            "joules": 7.7,
            "seconds": 0.271608996
        },
        "5": {
            "joules": 7.68,
            "seconds": 0.271969223
        },
        "6": {
            "joules": 7.89,
            "seconds": 0.276654893
        },
        "7": {
            "joules": 7.86,
            "seconds": 0.277115643
        },
        "8": {
            "joules": 7.75,
            "seconds": 0.273737294
        },
        "9": {
            "joules": 7.84,
            "seconds": 0.275199566
        },
        "avg": {
            "joules": 7.782,
            "seconds": 0.2746537776
        },
        "stddev": {
            "joules": 0.07223418704310154,
            "seconds": 0.0020374497390489217
        }
    },
    "-O1": {
        "0": {
            "joules": 9.52,
            "seconds": 0.333540503
        },
        "1": {
            "joules": 9.53,
            "seconds": 0.333964476
        },
        "2": {
            "joules": 9.53,
            "seconds": 0.335131278
        },
        "3": {
            "joules": 9.58,
            "seconds": 0.335079684
        },
        "4": {
            "joules": 9.63,
            "seconds": 0.336118497
        },
        "5": {
            "joules": 9.68,
            "seconds": 0.338797335
        },
        "6": {
            "joules": 9.53,
            "seconds": 0.334304682
        },
        "7": {
            "joules": 9.69,
            "seconds": 0.356191007
        },
        "8": {
            "joules": 9.55,
            "seconds": 0.334193488
        },
        "9": {
            "joules": 9.56,
            "seconds": 0.334600271
        },
        "avg": {
            "joules": 9.58,
            "seconds": 0.3371921221
        },
        "stddev": {
            "joules": 0.0641179468722379,
            "seconds": 0.006841014465085919
        }
    },
    "-O2": {
        "0": {
            "joules": 10.64,
            "seconds": 0.371740024
        },
        "1": {
            "joules": 10.74,
            "seconds": 0.375798056
        },
        "2": {
            "joules": 10.65,
            "seconds": 0.372124007
        },
        "3": {
            "joules": 10.7,
            "seconds": 0.373456324
        },
        "4": {
            "joules": 10.63,
            "seconds": 0.371884833
        },
        "5": {
            "joules": 10.76,
            "seconds": 0.375409423
        },
        "6": {
            "joules": 10.66,
            "seconds": 0.372129876
        },
        "7": {
            "joules": 10.8,
            "seconds": 0.376893261
        },
        "8": {
            "joules": 10.66,
            "seconds": 0.372843277
        },
        "9": {
            "joules": 10.61,
            "seconds": 0.371588152
        },
        "avg": {
            "joules": 10.685,
            "seconds": 0.3733867233
        },
        "stddev": {
            "joules": 0.06258327785172867,
            "seconds": 0.001940163040550284
        }
    },
    "-O3": {
        "0": {
            "joules": 16.63,
            "seconds": 0.588066497
        },
        "1": {
            "joules": 16.37,
            "seconds": 0.567336861
        },
        "2": {
            "joules": 16.41,
            "seconds": 0.569041031
        },
        "3": {
            "joules": 16.4,
            "seconds": 0.569710991
        },
        "4": {
            "joules": 16.64,
            "seconds": 0.576210175
        },
        "5": {
            "joules": 16.61,
            "seconds": 0.574545599
        },
        "6": {
            "joules": 16.52,
            "seconds": 0.571130659
        },
        "7": {
            "joules": 16.51,
            "seconds": 0.570067683
        },
        "8": {
            "joules": 16.47,
            "seconds": 0.569934691
        },
        "9": {
            "joules": 16.66,
            "seconds": 0.575487345
        },
        "avg": {
            "joules": 16.522,
            "seconds": 0.5731531532
        },
        "stddev": {
            "joules": 0.10840254199561515,
            "seconds": 0.006015692025208105
        }
    }
}