{
    "-O0": {
        "0": {
            "joules": 9.35,
            "seconds": 0.331175192
        },
        "1": {
            "joules": 9.36,
            "seconds": 0.330970475
        },
        "2": {
            "joules": 9.45,
            "seconds": 0.334837066
        },
        "3": {
            "joules": 9.25,
            "seconds": 0.329731937
        },
        "4": {
            "joules": 9.36,
            "seconds": 0.33251187
        },
        "5": {
            "joules": 9.39,
            "seconds": 0.331670921
        },
        "6": {
            "joules": 9.4,
            "seconds": 0.333135582
        },
        "7": {
            "joules": 9.35,
            "seconds": 0.331029534
        },
        "8": {
            "joules": 9.36,
            "seconds": 0.331216384
        },
        "9": {
            "joules": 9.38,
            "seconds": 0.33162348
        },
        "avg": {
            "joules": 9.365,
            "seconds": 0.3317902441
        },
        "stddev": {
            "joules": 0.05060742150229658,
            "seconds": 0.001408339598165279
        }
    },
    "-O1": {
        "0": {
            "joules": 9.98,
            "seconds": 0.353540668
        },
        "1": {
            "joules": 10.02,
            "seconds": 0.353799364
        },
        "2": {
            "joules": 10.01,
            "seconds": 0.354454885
        },
        "3": {
            "joules": 10.11,
            "seconds": 0.358485664
        },
        "4": {
            "joules": 10.22,
            "seconds": 0.365932908
        },
        "5": {
            "joules": 10.02,
            "seconds": 0.355041141
        },
        "6": {
            "joules": 10.04,
            "seconds": 0.355316019
        },
        "7": {
            "joules": 10.03,
            "seconds": 0.354632667
        },
        "8": {
            "joules": 10.04,
            "seconds": 0.353341442
        },
        "9": {
            "joules": 9.98,
            "seconds": 0.353709933
        },
        "avg": {
            "joules": 10.045,
            "seconds": 0.3558254691
        },
        "stddev": {
            "joules": 0.07153087911291656,
            "seconds": 0.003849736602645561
        }
    },
    "-O2": {
        "0": {
            "joules": 10.08,
            "seconds": 0.35836369
        },
        "1": {
            "joules": 10.19,
            "seconds": 0.360472154
        },
        "2": {
            "joules": 10.16,
            "seconds": 0.35903384
        },
        "3": {
            "joules": 10.09,
            "seconds": 0.358328594
        },
        "4": {
            "joules": 10.19,
            "seconds": 0.361714346
        },
        "5": {
            "joules": 10.14,
            "seconds": 0.358291343
        },
        "6": {
            "joules": 10.25,
            "seconds": 0.361029262
        },
        "7": {
            "joules": 10.19,
            "seconds": 0.358618218
        },
        "8": {
            "joules": 10.24,
            "seconds": 0.373790323
        },
        "9": {
            "joules": 10.32,
            "seconds": 0.364114873
        },
        "avg": {
            "joules": 10.185,
            "seconds": 0.3613756643
        },
        "stddev": {
            "joules": 0.07321960878829602,
            "seconds": 0.004756695413102786
        }
    },
    "-O3": {
        "0": {
            "joules": 10.18,
            "seconds": 0.359326363
        },
        "1": {
            "joules": 10.16,
            "seconds": 0.358881307
        },
        "2": {
            "joules": 10.11,
            "seconds": 0.360065896
        },
        "3": {
            "joules": 10.12,
            "seconds": 0.35885401
        },
        "4": {
            "joules": 10.24,
            "seconds": 0.361309959
        },
        "5": {
            "joules": 10.18,
            "seconds": 0.360484857
        },
        "6": {
            "joules": 10.13,
            "seconds": 0.358545536
        },
        "7": {
            "joules": 10.29,
            "seconds": 0.361827093
        },
        "8": {
            "joules": 10.27,
            "seconds": 0.363016895
        },
        "9": {
            "joules": 10.09,
            "seconds": 0.359103111
        },
        "avg": {
            "joules": 10.177,
            "seconds": 0.3601415027
        },
        "stddev": {
            "joules": 0.06929005059249918,
            "seconds": 0.0014956806190301699
        }
    }
}