{
    "0": {
        "joules": 17.31,
        "seconds": 0.427242992
    },
    "1": {
        "joules": 17.16,
        "seconds": 0.416092395
    },
    "2": {
        "joules": 16.75,
        "seconds": 0.413834462
    },
    "3": {
        "joules": 17.09,
        "seconds": 0.41880907
    },
    "4": {
        "joules": 16.92,
        "seconds": 0.414341748
    },
    "5": {
        "joules": 16.99,
        "seconds": 0.421015721
    },
    "6": {
        "joules": 17.02,
        "seconds": 0.417575524
    },
    "7": {
        "joules": 16.92,
        "seconds": 0.414946527
    },
    "8": {
        "joules": 17.15,
        "seconds": 0.419396655
    },
    "9": {
        "joules": 16.95,
        "seconds": 0.415862714
    },
    "avg": {
        "joules": 17.026,
        "seconds": 0.4179117808
    },
    "stddev": {
        "joules": 0.15770577386738552,
        "seconds": 0.004020782503808835
    }
}