{
    "0": {
        "joules": 20.68,
        "seconds": 0.511922489
    },
    "1": {
        "joules": 19.72,
        "seconds": 0.474079673
    },
    "2": {
        "joules": 20.01,
        "seconds": 0.482560806
    },
    "3": {
        "joules": 20.11,
        "seconds": 0.482304158
    },
    "4": {
        "joules": 20.56,
        "seconds": 0.502378861
    },
    "5": {
        "joules": 20.17,
        "seconds": 0.519320926
    },
    "6": {
        "joules": 20.17,
        "seconds": 0.487779989
    },
    "7": {
        "joules": 20.24,
        "seconds": 0.529332853
    },
    "8": {
        "joules": 20.24,
        "seconds": 0.527402588
    },
    "9": {
        "joules": 20.01,
        "seconds": 0.522204949
    },
    "avg": {
        "joules": 20.191,
        "seconds": 0.5039287292
    },
    "stddev": {
        "joules": 0.2738389632206812,
        "seconds": 0.020842243321986975
    }
}