{
    "-O0": {
        "0": {
            "joules": 59.74,
            "seconds": 2.120713355
        },
        "1": {
            "joules": 59.05,
            "seconds": 2.085810354
        },
        "2": {
            "joules": 59.13,
            "seconds": 2.087042292
        },
        "3": {
            "joules": 59.2,
            "seconds": 2.089799873
        },
        "4": {
            "joules": 59.18,
            "seconds": 2.094535338
        },
        "5": {
            "joules": 59.19,
            "seconds": 2.098232552
        },
        "6": {
            "joules": 59.01,
            "seconds": 2.086982624
        },
        "7": {
            "joules": 59.31,
            "seconds": 2.111967957
        },
        "8": {
            "joules": 59.59,
            "seconds": 2.105737573
        },
        "9": {
            "joules": 59.03,
            "seconds": 2.085897387
        },
        "avg": {
            "joules": 59.243,
            "seconds": 2.0966719305
        },
        "stddev": {
            "joules": 0.24271840107874568,
            "seconds": 0.01233354668133801
        }
    },
    "-O1": {
        "0": {
            "joules": 70.89,
            "seconds": 2.521783053
        },
        "1": {
            "joules": 70.8,
            "seconds": 2.496931249
        },
        "2": {
            "joules": 71.75,
            "seconds": 2.524243872
        },
        "3": {
            "joules": 70.73,
            "seconds": 2.495459417
        },
        "4": {
            "joules": 70.98,
            "seconds": 2.4995672
        },
        "5": {
            "joules": 71.85,
            "seconds": 2.523984889
        },
        "6": {
            "joules": 71.59,
            "seconds": 2.51930903
        },
        "7": {
            "joules": 70.74,
            "seconds": 2.488552683
        },
        "8": {
            "joules": 70.92,
            "seconds": 2.502372488
        },
        "9": {
            "joules": 71.75,
            "seconds": 2.520468056
        },
        "avg": {
            "joules": 71.2,
            "seconds": 2.5092671937
        },
        "stddev": {
            "joules": 0.47081489639418395,
            "seconds": 0.013894059487784563
        }
    },
    "-O2": {
        "0": {
            "joules": 90.37,
            "seconds": 3.169606725
        },
        "1": {
            "joules": 90.2,
            "seconds": 3.166242707
        },
        "2": {
            "joules": 89.86,
            "seconds": 3.156151205
        },
        "3": {
            "joules": 89.87,
            "seconds": 3.147269794
        },
        "4": {
            "joules": 90.77,
            "seconds": 3.17391257
        },
        "5": {
            "joules": 90.65,
            "seconds": 3.170668166
        },
        "6": {
            "joules": 90.04,
            "seconds": 3.154029949
        },
        "7": {
            "joules": 90.25,
            "seconds": 3.161199225
        },
        "8": {
            "joules": 90.11,
            "seconds": 3.163402139
        },
        "9": {
            "joules": 90.67,
            "seconds": 3.171349462
        },
        "avg": {
            "joules": 90.279,
            "seconds": 3.1633831942
        },
        "stddev": {
            "joules": 0.32922299096171476,
            "seconds": 0.00868271431277394
        }
    },
    "-O3": {
        "0": {
            "joules": 92.44,
            "seconds": 3.239466472
        },
        "1": {
            "joules": 93.12,
            "seconds": 3.253227439
        },
        "2": {
            "joules": 92.4,
            "seconds": 3.231783904
        },
        "3": {
            "joules": 92.41,
            "seconds": 3.232601981
        },
        "4": {
            "joules": 92.1,
            "seconds": 3.229405793
        },
        "5": {
            "joules": 92.42,
            "seconds": 3.237162353
        },
        "6": {
            "joules": 92.5,
            "seconds": 3.244310981
        },
        "7": {
            "joules": 92.33,
            "seconds": 3.235913147
        },
        "8": {
            "joules": 92.73,
            "seconds": 3.245771114
        },
        "9": {
            "joules": 92.2,
            "seconds": 3.23141599
        },
        "avg": {
            "joules": 92.465,
            "seconds": 3.2381059174
        },
        "stddev": {
            "joules": 0.28519973507857627,
            "seconds": 0.007631634424022907
        }
    }
}