{
    "-O0": {
        "0": {
            "joules": 61.1,
            "seconds": 2.206882316
        },
        "1": {
            "joules": 60.94,
            "seconds": 2.154677305
        },
        "2": {
            "joules": 60.97,
            "seconds": 2.155726138
        },
        "3": {
            "joules": 60.55,
            "seconds": 2.13897987
        },
        "4": {
            "joules": 60.7,
            "seconds": 2.145680866
        },
        "5": {
            "joules": 61.7,
            "seconds": 2.177352256
        },
        "6": {
            "joules": 60.97,
            "seconds": 2.155339959
        },
        "7": {
            "joules": 60.6,
            "seconds": 2.145091908
        },
        "8": {
            "joules": 60.71,
            "seconds": 2.143638787
        },
        "9": {
            "joules": 60.61,
            "seconds": 2.140530798
        },
        "avg": {
            "joules": 60.885,
            "seconds": 2.1563900203
        },
        "stddev": {
            "joules": 0.3434870206184418,
            "seconds": 0.020957415967211346
        }
    },
    "-O1": {
        "0": {
            "joules": 83.71,
            "seconds": 2.95817883
        },
        "1": {
            "joules": 84.49,
            "seconds": 2.969224906
        },
        "2": {
            "joules": 83.69,
            "seconds": 2.949799075
        },
        "3": {
            "joules": 83.78,
            "seconds": 2.956103028
        },
        "4": {
            "joules": 83.7,
            "seconds": 2.949814748
        },
        "5": {
            "joules": 83.99,
            "seconds": 2.957218972
        },
        "6": {
            "joules": 83.97,
            "seconds": 2.951634366
        },
        "7": {
            "joules": 83.64,
            "seconds": 2.942385562
        },
        "8": {
            "joules": 83.64,
            "seconds": 2.940048993
        },
        "9": {
            "joules": 83.68,
            "seconds": 2.9417865
        },
        "avg": {
            "joules": 83.829,
            "seconds": 2.951619498
        },
        "stddev": {
            "joules": 0.264341950258875,
            "seconds": 0.008986611465361111
        }
    },
    "-O2": {
        "0": {
            "joules": 87.9,
            "seconds": 3.090973975
        },
        "1": {
            "joules": 88.04,
            "seconds": 3.09765991
        },
        "2": {
            "joules": 88.23,
            "seconds": 3.102913526
        },
        "3": {
            "joules": 88.02,
            "seconds": 3.094519075
        },
        "4": {
            "joules": 87.69,
            "seconds": 3.091053517
        },
        "5": {
            "joules": 88.18,
            "seconds": 3.111592924
        },
        "6": {
            "joules": 87.9,
            "seconds": 3.094462303
        },
        "7": {
            "joules": 88.66,
            "seconds": 3.114671071
        },
        "8": {
            "joules": 87.85,
            "seconds": 3.088062717
        },
        "9": {
            "joules": 88.09,
            "seconds": 3.100505284
        },
        "avg": {
            "joules": 88.056,
            "seconds": 3.0986414302
        },
        "stddev": {
            "joules": 0.2662997475694551,
            "seconds": 0.008882649108952468
        }
    },
    "-O3": {
        "0": {
            "joules": 87.51,
            "seconds": 3.082971758
        },
        "1": {
            "joules": 87.74,
            "seconds": 3.090518811
        },
        "2": {
            "joules": 87.88,
            "seconds": 3.099982384
        },
        "3": {
            "joules": 86.98,
            "seconds": 3.063998614
        },
        "4": {
            "joules": 87.56,
            "seconds": 3.08277568
        },
        "5": {
            "joules": 87.61,
            "seconds": 3.085799014
        },
        "6": {
            "joules": 87.62,
            "seconds": 3.078130589
        },
        "7": {
            "joules": 87.69,
            "seconds": 3.084306982
        },
        "8": {
            "joules": 87.4,
            "seconds": 3.072668536
        },
        "9": {
            "joules": 87.81,
            "seconds": 3.086044685
        },
        "avg": {
            "joules": 87.58,
            "seconds": 3.0827197053
        },
        "stddev": {
            "joules": 0.25403411844343293,
            "seconds": 0.009744030200433363
        }
    }
}