{
    "0": {
        "joules": 19.3,
        "seconds": 0.467382735
    },
    "1": {
        "joules": 19.17,
        "seconds": 0.459628411
    },
    "2": {
        "joules": 19.34,
        "seconds": 0.464592739
    },
    "3": {
        "joules": 19.2,
        "seconds": 0.460630056
    },
    "4": {
        "joules": 19.08,
        "seconds": 0.458242735
    },
    "5": {
        "joules": 19.13,
        "seconds": 0.458132875
    },
    "6": {
        "joules": 19.39,
        "seconds": 0.473587499
    },
    "7": {
        "joules": 19.4,
        "seconds": 0.462614497
    },
    "8": {
        "joules": 19.08,
        "seconds": 0.462126041
    },
    "9": {
        "joules": 19.63,
        "seconds": 0.482266884
    },
    "avg": {
        "joules": 19.272,
        "seconds": 0.46492044720000003
    },
    "stddev": {
        "joules": 0.17427946905282155,
        "seconds": 0.0076911861760901494
    }
}