{
    "0": {
        "joules": 15.19,
        "seconds": 0.450000269
    },
    "1": {
        "joules": 15.26,
        "seconds": 0.455364192
    },
    "2": {
        "joules": 15.47,
        "seconds": 0.453597903
    },
    "3": {
        "joules": 15.53,
        "seconds": 0.459292759
    },
    "4": {
        "joules": 15.32,
        "seconds": 0.447976017
    },
    "5": {
        "joules": 15.49,
        "seconds": 0.458572566
    },
    "6": {
        "joules": 15.28,
        "seconds": 0.451067176
    },
    "7": {
        "joules": 14.99,
        "seconds": 0.445612195
    },
    "8": {
        "joules": 15.25,
        "seconds": 0.443938935
    },
    "9": {
        "joules": 15.01,
        "seconds": 0.443684873
    },
    "avg": {
        "joules": 14.021233214726651,
        "seconds": 0.4138113917114072
    },
    "stddev": {
        "joules": 4.360272007466596,
        "seconds": 0.12861980911269413
    }
}