{
    "flag0": {
        "0": {
            "0": {
                "joules": 151.78,
                "seconds": 15.052059604
            },
            "1": {
                "joules": 162.7,
                "seconds": 15.081442028
            },
            "2": {
                "joules": 280.95,
                "seconds": 15.061474341
            },
            "3": {
                "joules": 277.72,
                "seconds": 15.045329387
            },
            "4": {
                "joules": 274.3,
                "seconds": 15.050467087
            },
            "5": {
                "joules": 279.77,
                "seconds": 15.047482193
            },
            "6": {
                "joules": 287.7,
                "seconds": 15.058395095
            },
            "7": {
                "joules": 282.56,
                "seconds": 15.048519391
            },
            "8": {
                "joules": 288.27,
                "seconds": 15.054565439
            },
            "9": {
                "joules": 285.65,
                "seconds": 15.03221692
            },
            "avg": {
                "joules": 257.14,
                "seconds": 15.0531951485
            },
            "stddev": {
                "joules": 52.89262204378477,
                "seconds": 0.012738990864328299
            }
        }
    },
    "flag1": {
        "0": {
            "0": {
                "joules": 195.59,
                "seconds": 15.059526428
            },
            "1": {
                "joules": 197.66,
                "seconds": 15.082024614
            },
            "2": {
                "joules": 196.37,
                "seconds": 15.078030987
            },
            "3": {
                "joules": 198.55,
                "seconds": 15.062181253
            },
            "4": {
                "joules": 197.67,
                "seconds": 15.083523082
            },
            "5": {
                "joules": 197.11,
                "seconds": 15.083490628
            },
            "6": {
                "joules": 195.64,
                "seconds": 15.080306709
            },
            "7": {
                "joules": 194.21,
                "seconds": 15.080495466
            },
            "8": {
                "joules": 196.32,
                "seconds": 15.082292589
            },
            "9": {
                "joules": 195.55,
                "seconds": 15.081181382
            },
            "avg": {
                "joules": 196.467,
                "seconds": 15.0773053138
            },
            "stddev": {
                "joules": 1.2927924126565027,
                "seconds": 0.008841979462273707
            }
        }
    },
    "flag2": {
        "0": {
            "0": {
                "joules": 144.9,
                "seconds": 15.087256591
            },
            "1": {
                "joules": 199.02,
                "seconds": 15.074944845
            },
            "2": {
                "joules": 198.82,
                "seconds": 15.085748802
            },
            "3": {
                "joules": 198.19,
                "seconds": 15.085346605
            },
            "4": {
                "joules": 198.4,
                "seconds": 15.077696621
            },
            "5": {
                "joules": 197.87,
                "seconds": 15.083826475
            },
            "6": {
                "joules": 197.58,
                "seconds": 15.06485349
            },
            "7": {
                "joules": 197.41,
                "seconds": 15.084797761
            },
            "8": {
                "joules": 199.96,
                "seconds": 15.09614121
            },
            "9": {
                "joules": 199.33,
                "seconds": 15.076388147
            },
            "avg": {
                "joules": 193.148,
                "seconds": 15.0817000547
            },
            "stddev": {
                "joules": 16.97138690070241,
                "seconds": 0.008543435677243777
            }
        }
    },
    "flag3": {
        "0": {
            "0": {
                "joules": 209.75,
                "seconds": 15.078282464
            },
            "1": {
                "joules": 210.25,
                "seconds": 15.090975415
            },
            "2": {
                "joules": 210.52,
                "seconds": 15.093396893
            },
            "3": {
                "joules": 205.24,
                "seconds": 15.09818176
            },
            "4": {
                "joules": 212.13,
                "seconds": 15.088472816
            },
            "5": {
                "joules": 212.16,
                "seconds": 15.09188357
            },
            "6": {
                "joules": 210.22,
                "seconds": 15.09565981
            },
            "7": {
                "joules": 208.18,
                "seconds": 15.083949039
            },
            "8": {
                "joules": 208.89,
                "seconds": 15.098595724
            },
            "9": {
                "joules": 210.19,
                "seconds": 15.094280924
            },
            "avg": {
                "joules": 209.753,
                "seconds": 15.0913678415
            },
            "stddev": {
                "joules": 2.0076080294718857,
                "seconds": 0.0063662543142700544
            }
        }
    },
    "flag4": {
        "0": {
            "0": {
                "joules": 229.78,
                "seconds": 15.072133791
            },
            "1": {
                "joules": 230.98,
                "seconds": 15.086618134
            },
            "2": {
                "joules": 227.65,
                "seconds": 15.084356867
            },
            "3": {
                "joules": 223.02,
                "seconds": 15.074788232
            },
            "4": {
                "joules": 226.59,
                "seconds": 15.077132606
            },
            "5": {
                "joules": 224.18,
                "seconds": 15.070071548
            },
            "6": {
                "joules": 224.14,
                "seconds": 15.080857595
            },
            "7": {
                "joules": 229.0,
                "seconds": 15.065228054
            },
            "8": {
                "joules": 225.66,
                "seconds": 15.071349166
            },
            "9": {
                "joules": 228.26,
                "seconds": 15.067752188
            },
            "avg": {
                "joules": 226.926,
                "seconds": 15.0750288181
            },
            "stddev": {
                "joules": 2.6553978567773537,
                "seconds": 0.007112454300166818
            }
        }
    }
}