{
    "flag0": {
        "0": {
            "0": {
                "joules": 297.71,
                "seconds": 15.058703392
            },
            "1": {
                "joules": 263.26,
                "seconds": 15.054532767
            },
            "2": {
                "joules": 284.93,
                "seconds": 15.046186267
            },
            "3": {
                "joules": 290.72,
                "seconds": 15.057627746
            },
            "4": {
                "joules": 282.95,
                "seconds": 15.103092126
            },
            "5": {
                "joules": 288.46,
                "seconds": 15.083989486
            },
            "6": {
                "joules": 272.98,
                "seconds": 15.064169144
            },
            "7": {
                "joules": 282.51,
                "seconds": 15.101594217
            },
            "8": {
                "joules": 284.94,
                "seconds": 15.09075737
            },
            "9": {
                "joules": 289.51,
                "seconds": 15.042662962
            },
            "avg": {
                "joules": 283.797,
                "seconds": 15.0703315477
            },
            "stddev": {
                "joules": 9.658739335728836,
                "seconds": 0.022576009798639444
            }
        }
    },
    "flag1": {
        "0": {
            "0": {
                "joules": 142.09,
                "seconds": 15.092212392
            },
            "1": {
                "joules": 196.65,
                "seconds": 15.092333515
            },
            "2": {
                "joules": 196.62,
                "seconds": 15.084571133
            },
            "3": {
                "joules": 197.75,
                "seconds": 15.080014345
            },
            "4": {
                "joules": 196.73,
                "seconds": 15.091292521
            },
            "5": {
                "joules": 196.08,
                "seconds": 15.081813371
            },
            "6": {
                "joules": 195.62,
                "seconds": 15.088518841
            },
            "7": {
                "joules": 197.27,
                "seconds": 15.092293659
            },
            "8": {
                "joules": 195.69,
                "seconds": 15.090819075
            },
            "9": {
                "joules": 196.3,
                "seconds": 15.090984827
            },
            "avg": {
                "joules": 191.08,
                "seconds": 15.0884853679
            },
            "stddev": {
                "joules": 17.225872659719997,
                "seconds": 0.004647242263515841
            }
        }
    },
    "flag2": {
        "0": {
            "0": {
                "joules": 199.34,
                "seconds": 15.093586372
            },
            "1": {
                "joules": 199.25,
                "seconds": 15.094255309
            },
            "2": {
                "joules": 199.52,
                "seconds": 15.094631087
            },
            "3": {
                "joules": 200.41,
                "seconds": 15.105106096
            },
            "4": {
                "joules": 201.19,
                "seconds": 15.094629649
            },
            "5": {
                "joules": 199.12,
                "seconds": 15.070624599
            },
            "6": {
                "joules": 199.3,
                "seconds": 15.085087368
            },
            "7": {
                "joules": 200.48,
                "seconds": 15.095801532
            },
            "8": {
                "joules": 200.2,
                "seconds": 15.074194264
            },
            "9": {
                "joules": 199.44,
                "seconds": 15.084427864
            },
            "avg": {
                "joules": 199.825,
                "seconds": 15.089234414
            },
            "stddev": {
                "joules": 0.6956092453541829,
                "seconds": 0.010594815992997523
            }
        }
    },
    "flag3": {
        "0": {
            "0": {
                "joules": 213.83,
                "seconds": 15.083650302
            },
            "1": {
                "joules": 212.2,
                "seconds": 15.089533212
            },
            "2": {
                "joules": 212.12,
                "seconds": 15.086254822
            },
            "3": {
                "joules": 213.44,
                "seconds": 15.091695232
            },
            "4": {
                "joules": 211.3,
                "seconds": 15.093890569
            },
            "5": {
                "joules": 213.33,
                "seconds": 15.084952096
            },
            "6": {
                "joules": 209.62,
                "seconds": 15.087764417
            },
            "7": {
                "joules": 211.17,
                "seconds": 15.095120968
            },
            "8": {
                "joules": 212.15,
                "seconds": 15.088404693
            },
            "9": {
                "joules": 212.94,
                "seconds": 15.078655077
            },
            "avg": {
                "joules": 212.21,
                "seconds": 15.0879921388
            },
            "stddev": {
                "joules": 1.2716655744862082,
                "seconds": 0.004946535806591529
            }
        }
    },
    "flag4": {
        "0": {
            "0": {
                "joules": 258.19,
                "seconds": 15.071578791
            },
            "1": {
                "joules": 251.03,
                "seconds": 15.070618743
            },
            "2": {
                "joules": 249.22,
                "seconds": 15.092301421
            },
            "3": {
                "joules": 262.48,
                "seconds": 15.095117395
            },
            "4": {
                "joules": 253.55,
                "seconds": 15.074006459
            },
            "5": {
                "joules": 261.48,
                "seconds": 15.069642107
            },
            "6": {
                "joules": 250.94,
                "seconds": 15.073075376
            },
            "7": {
                "joules": 252.15,
                "seconds": 15.065264332
            },
            "8": {
                "joules": 265.39,
                "seconds": 15.062402541
            },
            "9": {
                "joules": 252.23,
                "seconds": 15.072769048
            },
            "avg": {
                "joules": 255.666,
                "seconds": 15.074677621300001
            },
            "stddev": {
                "joules": 5.726975544638628,
                "seconds": 0.010675851379078692
            }
        }
    }
}