{
    "0": {
        "joules": 18.21,
        "seconds": 0.457968389
    },
    "1": {
        "joules": 18.23,
        "seconds": 0.448141951
    },
    "2": {
        "joules": 18.42,
        "seconds": 0.460336514
    },
    "3": {
        "joules": 18.42,
        "seconds": 0.450545823
    },
    "4": {
        "joules": 18.08,
        "seconds": 0.445221534
    },
    "5": {
        "joules": 18.47,
        "seconds": 0.449556662
    },
    "6": {
        "joules": 18.25,
        "seconds": 0.453405043
    },
    "7": {
        "joules": 18.42,
        "seconds": 0.460014036
    },
    "8": {
        "joules": 18.32,
        "seconds": 0.449333372
    },
    "9": {
        "joules": 18.04,
        "seconds": 0.440191705
    },
    "avg": {
        "joules": 16.774652461063837,
        "seconds": 0.4143932004695396
    },
    "stddev": {
        "joules": 5.237215278572006,
        "seconds": 0.12857882472306337
    }
}