{
    "-O0": {
        "0": {
            "joules": 92.0,
            "seconds": 3.551285367
        },
        "1": {
            "joules": 91.01,
            "seconds": 3.237786907
        },
        "2": {
            "joules": 92.36,
            "seconds": 3.307280126
        },
        "3": {
            "joules": 92.23,
            "seconds": 3.294706286
        },
        "4": {
            "joules": 91.86,
            "seconds": 3.259059455
        },
        "5": {
            "joules": 93.1,
            "seconds": 3.326528727
        },
        "6": {
            "joules": 93.18,
            "seconds": 3.332949173
        },
        "7": {
            "joules": 92.07,
            "seconds": 3.269280692
        },
        "8": {
            "joules": 93.22,
            "seconds": 3.320145697
        },
        "9": {
            "joules": 92.86,
            "seconds": 3.316638486
        },
        "avg": {
            "joules": 84.74887031292715,
            "seconds": 3.051987761540631
        },
        "stddev": {
            "joules": 26.473920384646313,
            "seconds": 0.9371282834439144
        }
    },
    "-O1": {
        "0": {
            "joules": 167.0,
            "seconds": 5.882038818
        },
        "1": {
            "joules": 165.9,
            "seconds": 5.80894075
        },
        "2": {
            "joules": 167.14,
            "seconds": 5.85641389
        },
        "3": {
            "joules": 167.56,
            "seconds": 5.87528468
        },
        "4": {
            "joules": 167.23,
            "seconds": 5.907522308
        },
        "5": {
            "joules": 167.02,
            "seconds": 5.898518643
        },
        "6": {
            "joules": 167.16,
            "seconds": 5.902914086
        },
        "7": {
            "joules": 166.04,
            "seconds": 5.856090546
        },
        "8": {
            "joules": 166.44,
            "seconds": 5.868361412
        },
        "9": {
            "joules": 167.89,
            "seconds": 5.865491558
        },
        "avg": {
            "joules": 153.07928479485514,
            "seconds": 5.3852264545021304
        },
        "stddev": {
            "joules": 48.01141650418849,
            "seconds": 1.6869829228151465
        }
    },
    "-O2": {
        "0": {
            "joules": 184.75,
            "seconds": 6.519444129
        },
        "1": {
            "joules": 184.18,
            "seconds": 6.481301035
        },
        "2": {
            "joules": 184.82,
            "seconds": 6.507034459
        },
        "3": {
            "joules": 182.3,
            "seconds": 6.377600199
        },
        "4": {
            "joules": 184.09,
            "seconds": 6.423002659
        },
        "5": {
            "joules": 184.06,
            "seconds": 6.421464243
        },
        "6": {
            "joules": 184.09,
            "seconds": 6.415837109
        },
        "7": {
            "joules": 181.54,
            "seconds": 6.354238352
        },
        "8": {
            "joules": 182.49,
            "seconds": 6.384016524
        },
        "9": {
            "joules": 183.05,
            "seconds": 6.403430115
        },
        "avg": {
            "joules": 168.33549239120978,
            "seconds": 5.897671738615002
        },
        "stddev": {
            "joules": 52.66929210786016,
            "seconds": 1.8403597349149923
        }
    },
    "-O3": {
        "0": {
            "joules": 186.0,
            "seconds": 6.547478433
        },
        "1": {
            "joules": 185.67,
            "seconds": 6.531366824
        },
        "2": {
            "joules": 182.26,
            "seconds": 6.383490895
        },
        "3": {
            "joules": 180.98,
            "seconds": 6.359856907
        },
        "4": {
            "joules": 183.04,
            "seconds": 6.413441372
        },
        "5": {
            "joules": 180.5,
            "seconds": 6.336288491
        },
        "6": {
            "joules": 180.53,
            "seconds": 6.336341551
        },
        "7": {
            "joules": 181.16,
            "seconds": 6.366065277
        },
        "8": {
            "joules": 181.21,
            "seconds": 6.363474673
        },
        "9": {
            "joules": 182.65,
            "seconds": 6.399303258
        },
        "avg": {
            "joules": 167.3671788426569,
            "seconds": 5.876373932582254
        },
        "stddev": {
            "joules": 52.10682696260849,
            "seconds": 1.828030188105612
        }
    }
}