{
    "-O0": {
        "0": {
            "0": {
                "joules": 185.33,
                "seconds": 15.016782105
            },
            "1": {
                "joules": 185.74,
                "seconds": 15.016862971
            },
            "2": {
                "joules": 185.75,
                "seconds": 15.016328451
            },
            "3": {
                "joules": 185.84,
                "seconds": 15.01629921
            },
            "4": {
                "joules": 184.87,
                "seconds": 15.016495766
            },
            "5": {
                "joules": 184.55,
                "seconds": 15.016818145
            },
            "6": {
                "joules": 185.21,
                "seconds": 15.017027479
            },
            "7": {
                "joules": 185.1,
                "seconds": 15.017089089
            },
            "8": {
                "joules": 184.9,
                "seconds": 15.016816887
            },
            "9": {
                "joules": 185.08,
                "seconds": 15.017148239
            },
            "avg": {
                "joules": 169.83629490509972,
                "seconds": 13.76539469347091
            },
            "stddev": {
                "joules": 53.35101559010476,
                "seconds": 4.334880262396483
            }
        }
    },
    "-O1": {
        "0": {
            "0": {
                "joules": 183.15,
                "seconds": 15.014736333
            },
            "1": {
                "joules": 183.47,
                "seconds": 15.00453219
            },
            "2": {
                "joules": 183.38,
                "seconds": 15.016506908
            },
            "3": {
                "joules": 183.82,
                "seconds": 15.015970072
            },
            "4": {
                "joules": 183.86,
                "seconds": 15.016562724
            },
            "5": {
                "joules": 183.33,
                "seconds": 15.01651977
            },
            "6": {
                "joules": 183.16,
                "seconds": 15.01672507
            },
            "7": {
                "joules": 183.42,
                "seconds": 15.016794497
            },
            "8": {
                "joules": 131.07,
                "seconds": 15.016454544
            },
            "9": {
                "joules": 183.46,
                "seconds": 15.017157058
            },
            "avg": {
                "joules": 164.74147388535536,
                "seconds": 13.764246535799671
            },
            "stddev": {
                "joules": 49.0100801341396,
                "seconds": 4.333417136079052
            }
        }
    },
    "-O2": {
        "0": {
            "0": {
                "joules": 183.58,
                "seconds": 15.012060956
            },
            "1": {
                "joules": 183.2,
                "seconds": 15.016104522
            },
            "2": {
                "joules": 182.98,
                "seconds": 15.016668958
            },
            "3": {
                "joules": 183.01,
                "seconds": 15.016510517
            },
            "4": {
                "joules": 183.28,
                "seconds": 15.016880854
            },
            "5": {
                "joules": 183.32,
                "seconds": 15.017271752
            },
            "6": {
                "joules": 183.33,
                "seconds": 15.017196064
            },
            "7": {
                "joules": 183.3,
                "seconds": 15.015407068
            },
            "8": {
                "joules": 182.96,
                "seconds": 15.016574446
            },
            "9": {
                "joules": 183.63,
                "seconds": 15.016474236
            },
            "avg": {
                "joules": 168.00674748546865,
                "seconds": 13.764898813390289
            },
            "stddev": {
                "joules": 52.83576920579435,
                "seconds": 4.3343400142024135
            }
        }
    },
    "-O3": {
        "0": {
            "0": {
                "joules": 182.99,
                "seconds": 15.01582102
            },
            "1": {
                "joules": 183.49,
                "seconds": 15.017595906
            },
            "2": {
                "joules": 183.2,
                "seconds": 15.016811394
            },
            "3": {
                "joules": 182.66,
                "seconds": 15.016719774
            },
            "4": {
                "joules": 183.0,
                "seconds": 15.016974615
            },
            "5": {
                "joules": 182.81,
                "seconds": 15.016415775
            },
            "6": {
                "joules": 183.1,
                "seconds": 15.017007783
            },
            "7": {
                "joules": 183.27,
                "seconds": 15.016961658
            },
            "8": {
                "joules": 183.15,
                "seconds": 15.015770504
            },
            "9": {
                "joules": 132.99,
                "seconds": 15.016034116
            },
            "avg": {
                "joules": 164.5471501355119,
                "seconds": 13.765276174687255
            },
            "stddev": {
                "joules": 48.97338948944271,
                "seconds": 4.334751903942752
            }
        }
    }
}