{
    "-O0": {
        "0": {
            "joules": 123.69,
            "seconds": 4.431541695
        },
        "1": {
            "joules": 120.01,
            "seconds": 4.253850977
        },
        "2": {
            "joules": 120.47,
            "seconds": 4.3065499
        },
        "3": {
            "joules": 120.59,
            "seconds": 4.317501918
        },
        "4": {
            "joules": 120.43,
            "seconds": 4.270199438
        },
        "5": {
            "joules": 120.22,
            "seconds": 4.262399969
        },
        "6": {
            "joules": 120.97,
            "seconds": 4.33573968
        },
        "7": {
            "joules": 121.09,
            "seconds": 4.317425548
        },
        "8": {
            "joules": 120.9,
            "seconds": 4.306497159
        },
        "9": {
            "joules": 119.77,
            "seconds": 4.254893007
        },
        "avg": {
            "joules": 110.83738797536422,
            "seconds": 3.9512838561946717
        },
        "stddev": {
            "joules": 34.574178999907595,
            "seconds": 1.2285356554072324
        }
    },
    "-O1": {
        "0": {
            "joules": 151.13,
            "seconds": 5.362363428
        },
        "1": {
            "joules": 149.65,
            "seconds": 5.268824125
        },
        "2": {
            "joules": 150.0,
            "seconds": 5.273990348
        },
        "3": {
            "joules": 151.95,
            "seconds": 5.324747418
        },
        "4": {
            "joules": 150.23,
            "seconds": 5.274381859
        },
        "5": {
            "joules": 150.54,
            "seconds": 5.292315865
        },
        "6": {
            "joules": 151.67,
            "seconds": 5.30658543
        },
        "7": {
            "joules": 149.82,
            "seconds": 5.263557242
        },
        "8": {
            "joules": 152.53,
            "seconds": 5.389061295
        },
        "9": {
            "joules": 152.11,
            "seconds": 5.375614793
        },
        "avg": {
            "joules": 138.47035800212902,
            "seconds": 4.874326087681437
        },
        "stddev": {
            "joules": 43.28622786383683,
            "seconds": 1.5207131309498603
        }
    },
    "-O2": {
        "0": {
            "joules": 212.54,
            "seconds": 7.440052116
        },
        "1": {
            "joules": 209.59,
            "seconds": 7.311431013
        },
        "2": {
            "joules": 207.64,
            "seconds": 7.258322224
        },
        "3": {
            "joules": 207.73,
            "seconds": 7.258471627
        },
        "4": {
            "joules": 210.96,
            "seconds": 7.317210288
        },
        "5": {
            "joules": 234.01,
            "seconds": 7.737068671
        },
        "6": {
            "joules": 218.11,
            "seconds": 7.441122507
        },
        "7": {
            "joules": 209.75,
            "seconds": 7.290338935
        },
        "8": {
            "joules": 207.75,
            "seconds": 7.244821476
        },
        "9": {
            "joules": 211.66,
            "seconds": 7.403465639
        },
        "avg": {
            "joules": 195.89511521513197,
            "seconds": 6.768435076603679
        },
        "stddev": {
            "joules": 59.606898750604664,
            "seconds": 2.08901412666614
        }
    },
    "-O3": {
        "0": {
            "joules": 226.64,
            "seconds": 7.828824649
        },
        "1": {
            "joules": 227.33,
            "seconds": 7.764491941
        },
        "2": {
            "joules": 226.64,
            "seconds": 7.87085121
        },
        "3": {
            "joules": 221.83,
            "seconds": 7.671859955
        },
        "4": {
            "joules": 220.94,
            "seconds": 7.731780113
        },
        "5": {
            "joules": 220.43,
            "seconds": 7.698178913
        },
        "6": {
            "joules": 226.73,
            "seconds": 7.829335653
        },
        "7": {
            "joules": 218.48,
            "seconds": 7.596611772
        },
        "8": {
            "joules": 219.23,
            "seconds": 7.611206106
        },
        "9": {
            "joules": 219.6,
            "seconds": 7.625396546
        },
        "avg": {
            "joules": 204.52019927766705,
            "seconds": 7.0874943559598425
        },
        "stddev": {
            "joules": 63.35520947677217,
            "seconds": 2.202753428756556
        }
    }
}