{
    "-O0": {
        "0": {
            "0": {
                "joules": 185.71,
                "seconds": 15.016774094
            },
            "1": {
                "joules": 185.48,
                "seconds": 15.017065571
            },
            "2": {
                "joules": 184.67,
                "seconds": 15.01678224
            },
            "3": {
                "joules": 184.35,
                "seconds": 15.016138619
            },
            "4": {
                "joules": 184.83,
                "seconds": 15.016910889
            },
            "5": {
                "joules": 179.77,
                "seconds": 15.017092484
            },
            "6": {
                "joules": 135.49,
                "seconds": 15.017188803
            },
            "7": {
                "joules": 182.76,
                "seconds": 15.013585336
            },
            "8": {
                "joules": 181.35,
                "seconds": 15.016395852
            },
            "9": {
                "joules": 181.52,
                "seconds": 15.016878211
            },
            "avg": {
                "joules": 164.9831397478514,
                "seconds": 13.765196687180975
            },
            "stddev": {
                "joules": 49.12875189739888,
                "seconds": 4.334576843584112
            }
        }
    },
    "-O1": {
        "0": {
            "0": {
                "joules": 181.36,
                "seconds": 15.016807361
            },
            "1": {
                "joules": 183.23,
                "seconds": 15.016786947
            },
            "2": {
                "joules": 183.18,
                "seconds": 15.016744736
            },
            "3": {
                "joules": 183.42,
                "seconds": 15.016481745
            },
            "4": {
                "joules": 183.02,
                "seconds": 15.017050129
            },
            "5": {
                "joules": 181.47,
                "seconds": 15.016876177
            },
            "6": {
                "joules": 183.54,
                "seconds": 15.01703281
            },
            "7": {
                "joules": 183.53,
                "seconds": 15.016835381
            },
            "8": {
                "joules": 183.29,
                "seconds": 15.00376121
            },
            "9": {
                "joules": 183.16,
                "seconds": 15.012029584
            },
            "avg": {
                "joules": 167.74420038024095,
                "seconds": 13.764140821795927
            },
            "stddev": {
                "joules": 52.57562243705238,
                "seconds": 4.333245669527306
            }
        }
    },
    "-O2": {
        "0": {
            "0": {
                "joules": 182.76,
                "seconds": 15.016188543
            },
            "1": {
                "joules": 183.28,
                "seconds": 15.016446539
            },
            "2": {
                "joules": 183.2,
                "seconds": 15.01603203
            },
            "3": {
                "joules": 183.19,
                "seconds": 15.017048395
            },
            "4": {
                "joules": 183.34,
                "seconds": 15.01643586
            },
            "5": {
                "joules": 183.19,
                "seconds": 15.016166382
            },
            "6": {
                "joules": 183.68,
                "seconds": 15.016637975
            },
            "7": {
                "joules": 182.83,
                "seconds": 15.009651193
            },
            "8": {
                "joules": 183.31,
                "seconds": 15.016904629
            },
            "9": {
                "joules": 183.27,
                "seconds": 15.017272681
            },
            "avg": {
                "joules": 167.9595021627688,
                "seconds": 13.764740641132951
            },
            "stddev": {
                "joules": 52.81247340463045,
                "seconds": 4.3340688771921245
            }
        }
    },
    "-O3": {
        "0": {
            "0": {
                "joules": 183.15,
                "seconds": 15.01694535
            },
            "1": {
                "joules": 181.09,
                "seconds": 15.016875116
            },
            "2": {
                "joules": 182.77,
                "seconds": 15.016640363
            },
            "3": {
                "joules": 183.22,
                "seconds": 15.017094682
            },
            "4": {
                "joules": 183.24,
                "seconds": 15.0160368
            },
            "5": {
                "joules": 183.23,
                "seconds": 15.015948393
            },
            "6": {
                "joules": 183.23,
                "seconds": 15.016596592
            },
            "7": {
                "joules": 182.78,
                "seconds": 15.016395033
            },
            "8": {
                "joules": 182.1,
                "seconds": 15.016906261
            },
            "9": {
                "joules": 183.0,
                "seconds": 15.016808598
            },
            "avg": {
                "joules": 167.60694552104061,
                "seconds": 13.765271675679626
            },
            "stddev": {
                "joules": 52.5681970583463,
                "seconds": 4.33481411200292
            }
        }
    }
}