{
    "-O0": {
        "0": {
            "joules": 8.61,
            "seconds": 0.305402076
        },
        "1": {
            "joules": 8.39,
            "seconds": 0.296860129
        },
        "2": {
            "joules": 8.45,
            "seconds": 0.298966
        },
        "3": {
            "joules": 8.53,
            "seconds": 0.301755708
        },
        "4": {
            "joules": 8.44,
            "seconds": 0.298247485
        },
        "5": {
            "joules": 8.47,
            "seconds": 0.300192533
        },
        "6": {
            "joules": 8.43,
            "seconds": 0.297454472
        },
        "7": {
            "joules": 8.48,
            "seconds": 0.299791675
        },
        "8": {
            "joules": 8.52,
            "seconds": 0.301476349
        },
        "9": {
            "joules": 8.44,
            "seconds": 0.298878257
        },
        "avg": {
            "joules": 8.475999999999999,
            "seconds": 0.2999024684
        },
        "stddev": {
            "joules": 0.06292853089020889,
            "seconds": 0.002498158456660709
        }
    },
    "-O1": {
        "0": {
            "joules": 9.64,
            "seconds": 0.340916302
        },
        "1": {
            "joules": 9.4,
            "seconds": 0.333024861
        },
        "2": {
            "joules": 9.43,
            "seconds": 0.333083081
        },
        "3": {
            "joules": 9.52,
            "seconds": 0.336246418
        },
        "4": {
            "joules": 9.51,
            "seconds": 0.335893447
        },
        "5": {
            "joules": 9.54,
            "seconds": 0.33857983
        },
        "6": {
            "joules": 9.44,
            "seconds": 0.333079874
        },
        "7": {
            "joules": 9.51,
            "seconds": 0.33573145
        },
        "8": {
            "joules": 9.58,
            "seconds": 0.338045684
        },
        "9": {
            "joules": 9.48,
            "seconds": 0.334791363
        },
        "avg": {
            "joules": 9.504999999999999,
            "seconds": 0.335939231
        },
        "stddev": {
            "joules": 0.07214953607304461,
            "seconds": 0.0026345027940962848
        }
    },
    "-O2": {
        "0": {
            "joules": 10.08,
            "seconds": 0.355528881
        },
        "1": {
            "joules": 10.02,
            "seconds": 0.353303722
        },
        "2": {
            "joules": 10.06,
            "seconds": 0.354100925
        },
        "3": {
            "joules": 10.07,
            "seconds": 0.354379048
        },
        "4": {
            "joules": 10.04,
            "seconds": 0.353698934
        },
        "5": {
            "joules": 10.01,
            "seconds": 0.35309291
        },
        "6": {
            "joules": 10.06,
            "seconds": 0.354443948
        },
        "7": {
            "joules": 9.95,
            "seconds": 0.351231298
        },
        "8": {
            "joules": 10.05,
            "seconds": 0.354962361
        },
        "9": {
            "joules": 10.13,
            "seconds": 0.360815494
        },
        "avg": {
            "joules": 10.047,
            "seconds": 0.3545557521
        },
        "stddev": {
            "joules": 0.047621190427978785,
            "seconds": 0.0024953487886944783
        }
    },
    "-O3": {
        "0": {
            "joules": 9.83,
            "seconds": 0.347365998
        },
        "1": {
            "joules": 9.92,
            "seconds": 0.350032139
        },
        "2": {
            "joules": 10.0,
            "seconds": 0.352695443
        },
        "3": {
            "joules": 9.95,
            "seconds": 0.352898761
        },
        "4": {
            "joules": 9.84,
            "seconds": 0.348581727
        },
        "5": {
            "joules": 9.95,
            "seconds": 0.350550884
        },
        "6": {
            "joules": 9.92,
            "seconds": 0.350667938
        },
        "7": {
            "joules": 9.86,
            "seconds": 0.349004649
        },
        "8": {
            "joules": 9.97,
            "seconds": 0.35120049
        },
        "9": {
            "joules": 9.99,
            "seconds": 0.352347776
        },
        "avg": {
            "joules": 9.923,
            "seconds": 0.3505345805
        },
        "stddev": {
            "joules": 0.061110101001753014,
            "seconds": 0.0018395207497304044
        }
    }
}