{
    "-O0": {
        "0": {
            "joules": 10.22,
            "seconds": 0.361339032
        },
        "1": {
            "joules": 10.2,
            "seconds": 0.36047695
        },
        "2": {
            "joules": 10.15,
            "seconds": 0.358866184
        },
        "3": {
            "joules": 10.12,
            "seconds": 0.357660846
        },
        "4": {
            "joules": 10.2,
            "seconds": 0.360258386
        },
        "5": {
            "joules": 10.19,
            "seconds": 0.360498325
        },
        "6": {
            "joules": 10.2,
            "seconds": 0.3602504
        },
        "7": {
            "joules": 10.15,
            "seconds": 0.358363976
        },
        "8": {
            "joules": 10.13,
            "seconds": 0.358358358
        },
        "9": {
            "joules": 10.1,
            "seconds": 0.35781259
        },
        "avg": {
            "joules": 10.166,
            "seconds": 0.3593885047
        },
        "stddev": {
            "joules": 0.04115013163202916,
            "seconds": 0.0013154010761967632
        }
    },
    "-O1": {
        "0": {
            "joules": 11.35,
            "seconds": 0.400799887
        },
        "1": {
            "joules": 11.26,
            "seconds": 0.397883192
        },
        "2": {
            "joules": 11.46,
            "seconds": 0.404363248
        },
        "3": {
            "joules": 11.32,
            "seconds": 0.399503377
        },
        "4": {
            "joules": 11.35,
            "seconds": 0.401331083
        },
        "5": {
            "joules": 11.39,
            "seconds": 0.401560627
        },
        "6": {
            "joules": 11.32,
            "seconds": 0.399548059
        },
        "7": {
            "joules": 11.35,
            "seconds": 0.401277976
        },
        "8": {
            "joules": 11.35,
            "seconds": 0.40033285
        },
        "9": {
            "joules": 11.42,
            "seconds": 0.402065846
        },
        "avg": {
            "joules": 11.357,
            "seconds": 0.4008666145
        },
        "stddev": {
            "joules": 0.05578729445153481,
            "seconds": 0.0017422328153982472
        }
    },
    "-O2": {
        "0": {
            "joules": 11.64,
            "seconds": 0.410720903
        },
        "1": {
            "joules": 11.6,
            "seconds": 0.410104003
        },
        "2": {
            "joules": 11.71,
            "seconds": 0.413026046
        },
        "3": {
            "joules": 11.76,
            "seconds": 0.419321144
        },
        "4": {
            "joules": 11.74,
            "seconds": 0.414529086
        },
        "5": {
            "joules": 11.74,
            "seconds": 0.414467593
        },
        "6": {
            "joules": 11.66,
            "seconds": 0.410872585
        },
        "7": {
            "joules": 11.64,
            "seconds": 0.410045139
        },
        "8": {
            "joules": 11.71,
            "seconds": 0.412701328
        },
        "9": {
            "joules": 11.74,
            "seconds": 0.413249081
        },
        "avg": {
            "joules": 11.694,
            "seconds": 0.4129036908
        },
        "stddev": {
            "joules": 0.054812812776251926,
            "seconds": 0.002815554901514072
        }
    },
    "-O3": {
        "0": {
            "joules": 11.71,
            "seconds": 0.413199178
        },
        "1": {
            "joules": 11.67,
            "seconds": 0.411165066
        },
        "2": {
            "joules": 11.64,
            "seconds": 0.410887662
        },
        "3": {
            "joules": 11.66,
            "seconds": 0.411141143
        },
        "4": {
            "joules": 11.69,
            "seconds": 0.412934395
        },
        "5": {
            "joules": 11.74,
            "seconds": 0.419104222
        },
        "6": {
            "joules": 11.71,
            "seconds": 0.411483376
        },
        "7": {
            "joules": 11.59,
            "seconds": 0.409413451
        },
        "8": {
            "joules": 11.68,
            "seconds": 0.412454241
        },
        "9": {
            "joules": 11.76,
            "seconds": 0.41395188
        },
        "avg": {
            "joules": 11.685,
            "seconds": 0.4125734614
        },
        "stddev": {
            "joules": 0.04927248499698166,
            "seconds": 0.0026486446179215016
        }
    }
}