{
    "0": {
        "joules": 16.44,
        "seconds": 0.404838559
    },
    "1": {
        "joules": 16.62,
        "seconds": 0.410939301
    },
    "2": {
        "joules": 16.54,
        "seconds": 0.40356438
    },
    "3": {
        "joules": 16.46,
        "seconds": 0.401475032
    },
    "4": {
        "joules": 16.61,
        "seconds": 0.40176431
    },
    "5": {
        "joules": 16.61,
        "seconds": 0.400126927
    },
    "6": {
        "joules": 16.66,
        "seconds": 0.409228039
    },
    "7": {
        "joules": 16.43,
        "seconds": 0.405527337
    },
    "8": {
        "joules": 16.57,
        "seconds": 0.412903706
    },
    "9": {
        "joules": 16.33,
        "seconds": 0.41116768
    },
    "avg": {
        "joules": 16.527,
        "seconds": 0.40615352709999997
    },
    "stddev": {
        "joules": 0.10667187487284986,
        "seconds": 0.004586953594459396
    }
}