{
    "0": {
        "joules": 16.44,
        "seconds": 0.405079608
    },
    "1": {
        "joules": 16.54,
        "seconds": 0.408571818
    },
    "2": {
        "joules": 16.54,
        "seconds": 0.40557977
    },
    "3": {
        "joules": 16.37,
        "seconds": 0.404140794
    },
    "4": {
        "joules": 16.2,
        "seconds": 0.401278819
    },
    "5": {
        "joules": 16.54,
        "seconds": 0.406940201
    },
    "6": {
        "joules": 16.66,
        "seconds": 0.410393381
    },
    "7": {
        "joules": 16.55,
        "seconds": 0.406632267
    },
    "8": {
        "joules": 16.56,
        "seconds": 0.404769553
    },
    "9": {
        "joules": 16.54,
        "seconds": 0.405976575
    },
    "avg": {
        "joules": 16.494,
        "seconds": 0.4059362786
    },
    "stddev": {
        "joules": 0.12833982667555335,
        "seconds": 0.002482016204844363
    }
}