{
    "-O0": {
        "0": {
            "joules": 12.8,
            "seconds": 0.491275701
        },
        "1": {
            "joules": 12.67,
            "seconds": 0.445342871
        },
        "2": {
            "joules": 12.53,
            "seconds": 0.439868646
        },
        "3": {
            "joules": 12.55,
            "seconds": 0.441598116
        },
        "4": {
            "joules": 12.5,
            "seconds": 0.44033263
        },
        "5": {
            "joules": 12.45,
            "seconds": 0.438339226
        },
        "6": {
            "joules": 12.55,
            "seconds": 0.440764333
        },
        "7": {
            "joules": 12.47,
            "seconds": 0.439238924
        },
        "8": {
            "joules": 12.77,
            "seconds": 0.446654095
        },
        "9": {
            "joules": 12.59,
            "seconds": 0.4427277
        },
        "avg": {
            "joules": 12.588000000000001,
            "seconds": 0.44661422419999997
        },
        "stddev": {
            "joules": 0.12099586769803346,
            "seconds": 0.01591150868143986
        }
    },
    "-O1": {
        "0": {
            "joules": 13.2,
            "seconds": 0.468700146
        },
        "1": {
            "joules": 13.14,
            "seconds": 0.462210492
        },
        "2": {
            "joules": 13.11,
            "seconds": 0.459205445
        },
        "3": {
            "joules": 13.1,
            "seconds": 0.459650112
        },
        "4": {
            "joules": 13.13,
            "seconds": 0.460129375
        },
        "5": {
            "joules": 13.16,
            "seconds": 0.46316558
        },
        "6": {
            "joules": 12.99,
            "seconds": 0.456704909
        },
        "7": {
            "joules": 13.18,
            "seconds": 0.463048235
        },
        "8": {
            "joules": 13.13,
            "seconds": 0.461091745
        },
        "9": {
            "joules": 13.05,
            "seconds": 0.459176361
        },
        "avg": {
            "joules": 13.119,
            "seconds": 0.46130824
        },
        "stddev": {
            "joules": 0.061904945054673935,
            "seconds": 0.003270659462484013
        }
    },
    "-O2": {
        "0": {
            "joules": 14.02,
            "seconds": 0.496891574
        },
        "1": {
            "joules": 13.87,
            "seconds": 0.487996844
        },
        "2": {
            "joules": 13.86,
            "seconds": 0.486749012
        },
        "3": {
            "joules": 13.93,
            "seconds": 0.488508298
        },
        "4": {
            "joules": 13.97,
            "seconds": 0.490664187
        },
        "5": {
            "joules": 13.81,
            "seconds": 0.486787671
        },
        "6": {
            "joules": 13.77,
            "seconds": 0.484508837
        },
        "7": {
            "joules": 13.83,
            "seconds": 0.485905081
        },
        "8": {
            "joules": 13.73,
            "seconds": 0.484410402
        },
        "9": {
            "joules": 13.93,
            "seconds": 0.489231621
        },
        "avg": {
            "joules": 13.872,
            "seconds": 0.4881653527
        },
        "stddev": {
            "joules": 0.09101892355133864,
            "seconds": 0.003653866500182022
        }
    },
    "-O3": {
        "0": {
            "joules": 14.2,
            "seconds": 0.516299493
        },
        "1": {
            "joules": 14.18,
            "seconds": 0.498474386
        },
        "2": {
            "joules": 14.32,
            "seconds": 0.50315903
        },
        "3": {
            "joules": 14.27,
            "seconds": 0.50140523
        },
        "4": {
            "joules": 14.07,
            "seconds": 0.495860866
        },
        "5": {
            "joules": 14.22,
            "seconds": 0.498957106
        },
        "6": {
            "joules": 14.05,
            "seconds": 0.494655829
        },
        "7": {
            "joules": 14.07,
            "seconds": 0.494710665
        },
        "8": {
            "joules": 14.16,
            "seconds": 0.497424477
        },
        "9": {
            "joules": 14.12,
            "seconds": 0.497319411
        },
        "avg": {
            "joules": 14.166,
            "seconds": 0.4998266493
        },
        "stddev": {
            "joules": 0.08996295533903559,
            "seconds": 0.006396446670448698
        }
    }
}