{
    "0": {
        "joules": 17.02,
        "seconds": 0.445086172
    },
    "1": {
        "joules": 16.94,
        "seconds": 0.418693097
    },
    "2": {
        "joules": 17.0,
        "seconds": 0.420029729
    },
    "3": {
        "joules": 16.99,
        "seconds": 0.4106847
    },
    "4": {
        "joules": 17.11,
        "seconds": 0.42253955
    },
    "5": {
        "joules": 17.08,
        "seconds": 0.422160926
    },
    "6": {
        "joules": 17.05,
        "seconds": 0.423785504
    },
    "7": {
        "joules": 17.08,
        "seconds": 0.421801391
    },
    "8": {
        "joules": 17.18,
        "seconds": 0.423431831
    },
    "9": {
        "joules": 17.1,
        "seconds": 0.423568919
    },
    "avg": {
        "joules": 17.055,
        "seconds": 0.4231781819
    },
    "stddev": {
        "joules": 0.0696419413859204,
        "seconds": 0.008628118948875836
    }
}