{
    "-O0": {
        "0": {
            "joules": 14.55,
            "seconds": 0.517554166
        },
        "1": {
            "joules": 14.47,
            "seconds": 0.514995024
        },
        "2": {
            "joules": 14.49,
            "seconds": 0.515285487
        },
        "3": {
            "joules": 14.5,
            "seconds": 0.516611457
        },
        "4": {
            "joules": 14.51,
            "seconds": 0.517279794
        },
        "5": {
            "joules": 14.58,
            "seconds": 0.518326625
        },
        "6": {
            "joules": 14.65,
            "seconds": 0.521099535
        },
        "7": {
            "joules": 14.54,
            "seconds": 0.516232157
        },
        "8": {
            "joules": 14.64,
            "seconds": 0.521004098
        },
        "9": {
            "joules": 14.8,
            "seconds": 0.529099018
        },
        "avg": {
            "joules": 14.573,
            "seconds": 0.5187487361
        },
        "stddev": {
            "joules": 0.10022751895340717,
            "seconds": 0.004196424347671632
        }
    },
    "-O1": {
        "0": {
            "joules": 15.59,
            "seconds": 0.555598183
        },
        "1": {
            "joules": 15.53,
            "seconds": 0.552919167
        },
        "2": {
            "joules": 15.52,
            "seconds": 0.552028056
        },
        "3": {
            "joules": 15.66,
            "seconds": 0.555644141
        },
        "4": {
            "joules": 15.58,
            "seconds": 0.553508477
        },
        "5": {
            "joules": 15.73,
            "seconds": 0.558001582
        },
        "6": {
            "joules": 15.6,
            "seconds": 0.555276742
        },
        "7": {
            "joules": 15.56,
            "seconds": 0.554710082
        },
        "8": {
            "joules": 15.66,
            "seconds": 0.560013221
        },
        "9": {
            "joules": 15.61,
            "seconds": 0.554337945
        },
        "avg": {
            "joules": 15.604,
            "seconds": 0.5552037596
        },
        "stddev": {
            "joules": 0.06449806198638862,
            "seconds": 0.0023684348666455227
        }
    },
    "-O2": {
        "0": {
            "joules": 15.77,
            "seconds": 0.561559546
        },
        "1": {
            "joules": 15.82,
            "seconds": 0.56148754
        },
        "2": {
            "joules": 15.76,
            "seconds": 0.559391267
        },
        "3": {
            "joules": 15.83,
            "seconds": 0.561630976
        },
        "4": {
            "joules": 15.84,
            "seconds": 0.562764937
        },
        "5": {
            "joules": 15.85,
            "seconds": 0.56374977
        },
        "6": {
            "joules": 15.84,
            "seconds": 0.56396849
        },
        "7": {
            "joules": 16.03,
            "seconds": 0.573692458
        },
        "8": {
            "joules": 15.81,
            "seconds": 0.561305281
        },
        "9": {
            "joules": 15.73,
            "seconds": 0.558972818
        },
        "avg": {
            "joules": 15.828,
            "seconds": 0.5628523083
        },
        "stddev": {
            "joules": 0.08134972512416881,
            "seconds": 0.00413677011893083
        }
    },
    "-O3": {
        "0": {
            "joules": 16.14,
            "seconds": 0.572533785
        },
        "1": {
            "joules": 16.26,
            "seconds": 0.577610217
        },
        "2": {
            "joules": 16.33,
            "seconds": 0.575779851
        },
        "3": {
            "joules": 16.21,
            "seconds": 0.574436275
        },
        "4": {
            "joules": 16.15,
            "seconds": 0.572517929
        },
        "5": {
            "joules": 16.18,
            "seconds": 0.572836246
        },
        "6": {
            "joules": 16.25,
            "seconds": 0.579782619
        },
        "7": {
            "joules": 16.21,
            "seconds": 0.576798676
        },
        "8": {
            "joules": 16.27,
            "seconds": 0.575893768
        },
        "9": {
            "joules": 16.15,
            "seconds": 0.573149471
        },
        "avg": {
            "joules": 16.215,
            "seconds": 0.5751338837
        },
        "stddev": {
            "joules": 0.06222718234198155,
            "seconds": 0.0024679415784378943
        }
    }
}