{
    "0": {
        "joules": 17.34,
        "seconds": 0.428891075
    },
    "1": {
        "joules": 17.45,
        "seconds": 0.425363632
    },
    "2": {
        "joules": 17.34,
        "seconds": 0.424372272
    },
    "3": {
        "joules": 17.32,
        "seconds": 0.423419147
    },
    "4": {
        "joules": 17.12,
        "seconds": 0.420960421
    },
    "5": {
        "joules": 17.39,
        "seconds": 0.425635218
    },
    "6": {
        "joules": 17.37,
        "seconds": 0.424072065
    },
    "7": {
        "joules": 17.49,
        "seconds": 0.435975857
    },
    "8": {
        "joules": 17.12,
        "seconds": 0.4219492
    },
    "9": {
        "joules": 17.14,
        "seconds": 0.418670294
    },
    "avg": {
        "joules": 17.308,
        "seconds": 0.4249309181
    },
    "stddev": {
        "joules": 0.13538422688366886,
        "seconds": 0.004778922098217007
    }
}