{
    "0": {
        "joules": 16.97,
        "seconds": 0.43858527
    },
    "1": {
        "joules": 16.67,
        "seconds": 0.410303701
    },
    "2": {
        "joules": 16.42,
        "seconds": 0.406323847
    },
    "3": {
        "joules": 16.6,
        "seconds": 0.409551477
    },
    "4": {
        "joules": 16.63,
        "seconds": 0.411651197
    },
    "5": {
        "joules": 16.57,
        "seconds": 0.409108418
    },
    "6": {
        "joules": 16.55,
        "seconds": 0.410632895
    },
    "7": {
        "joules": 16.32,
        "seconds": 0.40331778
    },
    "8": {
        "joules": 16.6,
        "seconds": 0.408892447
    },
    "9": {
        "joules": 16.58,
        "seconds": 0.407926918
    },
    "avg": {
        "joules": 16.591,
        "seconds": 0.411629395
    },
    "stddev": {
        "joules": 0.16881613930216724,
        "seconds": 0.00976657691200215
    }
}