{
    "0": {
        "joules": 16.74,
        "seconds": 0.424336633
    },
    "1": {
        "joules": 16.47,
        "seconds": 0.41613423
    },
    "2": {
        "joules": 16.55,
        "seconds": 0.45463913
    },
    "3": {
        "joules": 16.59,
        "seconds": 0.415840184
    },
    "4": {
        "joules": 16.35,
        "seconds": 0.405836558
    },
    "5": {
        "joules": 16.36,
        "seconds": 0.42151885
    },
    "6": {
        "joules": 16.44,
        "seconds": 0.440712313
    },
    "7": {
        "joules": 16.48,
        "seconds": 0.407610856
    },
    "8": {
        "joules": 16.33,
        "seconds": 0.411228646
    },
    "9": {
        "joules": 16.66,
        "seconds": 0.412348102
    },
    "avg": {
        "joules": 16.497,
        "seconds": 0.4210205502
    },
    "stddev": {
        "joules": 0.13727911551126598,
        "seconds": 0.015496944932403198
    }
}