{
    "-O0": {
        "0": {
            "joules": 13.59,
            "seconds": 0.48185349
        },
        "1": {
            "joules": 13.7,
            "seconds": 0.485935665
        },
        "2": {
            "joules": 13.72,
            "seconds": 0.485759448
        },
        "3": {
            "joules": 13.63,
            "seconds": 0.483184324
        },
        "4": {
            "joules": 13.71,
            "seconds": 0.486128487
        },
        "5": {
            "joules": 13.55,
            "seconds": 0.479675042
        },
        "6": {
            "joules": 13.45,
            "seconds": 0.476767598
        },
        "7": {
            "joules": 13.58,
            "seconds": 0.481023244
        },
        "8": {
            "joules": 13.58,
            "seconds": 0.48182296
        },
        "9": {
            "joules": 13.67,
            "seconds": 0.484814415
        },
        "avg": {
            "joules": 13.618,
            "seconds": 0.4826964673
        },
        "stddev": {
            "joules": 0.08495750571772816,
            "seconds": 0.0030719252434518404
        }
    },
    "-O1": {
        "0": {
            "joules": 14.74,
            "seconds": 0.528317277
        },
        "1": {
            "joules": 14.5,
            "seconds": 0.515558438
        },
        "2": {
            "joules": 14.54,
            "seconds": 0.516514841
        },
        "3": {
            "joules": 14.52,
            "seconds": 0.514248376
        },
        "4": {
            "joules": 14.52,
            "seconds": 0.513930996
        },
        "5": {
            "joules": 14.47,
            "seconds": 0.513130111
        },
        "6": {
            "joules": 14.59,
            "seconds": 0.515079137
        },
        "7": {
            "joules": 14.46,
            "seconds": 0.512235739
        },
        "8": {
            "joules": 14.35,
            "seconds": 0.51032923
        },
        "9": {
            "joules": 14.65,
            "seconds": 0.517584642
        },
        "avg": {
            "joules": 14.534,
            "seconds": 0.5156928787
        },
        "stddev": {
            "joules": 0.10751744044572495,
            "seconds": 0.004904688406507749
        }
    },
    "-O2": {
        "0": {
            "joules": 15.1,
            "seconds": 0.534243766
        },
        "1": {
            "joules": 15.06,
            "seconds": 0.533102963
        },
        "2": {
            "joules": 14.88,
            "seconds": 0.526853393
        },
        "3": {
            "joules": 15.14,
            "seconds": 0.535786724
        },
        "4": {
            "joules": 14.92,
            "seconds": 0.529181225
        },
        "5": {
            "joules": 15.0,
            "seconds": 0.529918883
        },
        "6": {
            "joules": 14.94,
            "seconds": 0.529942399
        },
        "7": {
            "joules": 14.96,
            "seconds": 0.529201885
        },
        "8": {
            "joules": 14.82,
            "seconds": 0.523831509
        },
        "9": {
            "joules": 15.02,
            "seconds": 0.531499739
        },
        "avg": {
            "joules": 14.984,
            "seconds": 0.5303562486
        },
        "stddev": {
            "joules": 0.09968840342676658,
            "seconds": 0.003517778418874202
        }
    },
    "-O3": {
        "0": {
            "joules": 14.91,
            "seconds": 0.527304812
        },
        "1": {
            "joules": 15.07,
            "seconds": 0.532655198
        },
        "2": {
            "joules": 14.91,
            "seconds": 0.526522394
        },
        "3": {
            "joules": 14.98,
            "seconds": 0.529711427
        },
        "4": {
            "joules": 14.93,
            "seconds": 0.52882575
        },
        "5": {
            "joules": 14.98,
            "seconds": 0.530247417
        },
        "6": {
            "joules": 14.96,
            "seconds": 0.528869905
        },
        "7": {
            "joules": 14.97,
            "seconds": 0.530905554
        },
        "8": {
            "joules": 14.94,
            "seconds": 0.529539034
        },
        "9": {
            "joules": 14.93,
            "seconds": 0.529255465
        },
        "avg": {
            "joules": 14.958,
            "seconds": 0.5293836956
        },
        "stddev": {
            "joules": 0.04732863826479709,
            "seconds": 0.0017319502339921936
        }
    }
}