{
    "-O0": {
        "4096": {
            "0": {
                "joules": 95.69,
                "seconds": 3.494184943
            },
            "1": {
                "joules": 95.86,
                "seconds": 3.499513513
            },
            "2": {
                "joules": 95.7,
                "seconds": 3.491641288
            },
            "3": {
                "joules": 95.72,
                "seconds": 3.499206232
            },
            "4": {
                "joules": 95.34,
                "seconds": 3.481527005
            },
            "5": {
                "joules": 95.84,
                "seconds": 3.499427902
            },
            "6": {
                "joules": 95.81,
                "seconds": 3.498203771
            },
            "7": {
                "joules": 95.53,
                "seconds": 3.491338875
            },
            "8": {
                "joules": 95.2,
                "seconds": 3.478705568
            },
            "9": {
                "joules": 95.83,
                "seconds": 3.499360319
            },
            "avg": {
                "joules": 95.652,
                "seconds": 3.4933109416
            },
            "stddev": {
                "joules": 0.22611698054079984,
                "seconds": 0.007679677799427425
            }
        },
        "8192": {
            "0": {
                "joules": 383.22,
                "seconds": 13.891700762
            },
            "1": {
                "joules": 385.52,
                "seconds": 13.978460072
            },
            "2": {
                "joules": 387.4,
                "seconds": 13.96986963
            },
            "3": {
                "joules": 384.34,
                "seconds": 13.935877588
            },
            "4": {
                "joules": 386.48,
                "seconds": 13.987469881
            },
            "5": {
                "joules": 382.13,
                "seconds": 13.933090014
            },
            "6": {
                "joules": 385.37,
                "seconds": 13.965844574
            },
            "7": {
                "joules": 382.27,
                "seconds": 13.956725609
            },
            "8": {
                "joules": 388.69,
                "seconds": 13.937876857
            },
            "9": {
                "joules": 388.67,
                "seconds": 13.96173204
            },
            "avg": {
                "joules": 385.409,
                "seconds": 13.9518647027
            },
            "stddev": {
                "joules": 2.428160941032445,
                "seconds": 0.02796641977277505
            }
        },
        "16384": {
            "0": {
                "joules": 1526.05,
                "seconds": 55.732085322
            },
            "1": {
                "joules": 1528.77,
                "seconds": 55.818969202
            },
            "2": {
                "joules": 1548.02,
                "seconds": 55.730290485
            },
            "3": {
                "joules": 1527.39,
                "seconds": 55.744413936
            },
            "4": {
                "joules": 1534.95,
                "seconds": 55.767905673
            },
            "5": {
                "joules": 1539.49,
                "seconds": 55.712515205
            },
            "6": {
                "joules": 1549.14,
                "seconds": 55.782959568
            },
            "7": {
                "joules": 1537.36,
                "seconds": 55.691441987
            },
            "8": {
                "joules": 1527.84,
                "seconds": 55.726260536
            },
            "9": {
                "joules": 1549.47,
                "seconds": 55.712481119
            },
            "avg": {
                "joules": 1536.848,
                "seconds": 55.741932303300004
            },
            "stddev": {
                "joules": 9.419336848561423,
                "seconds": 0.038091707872806524
            }
        }
    },
    "-O1": {
        "4096": {
            "0": {
                "joules": 23.04,
                "seconds": 0.858000391
            },
            "1": {
                "joules": 22.98,
                "seconds": 0.857697481
            },
            "2": {
                "joules": 23.03,
                "seconds": 0.857649036
            },
            "3": {
                "joules": 22.91,
                "seconds": 0.853926914
            },
            "4": {
                "joules": 22.98,
                "seconds": 0.8575741
            },
            "5": {
                "joules": 23.04,
                "seconds": 0.857541181
            },
            "6": {
                "joules": 22.7,
                "seconds": 0.84450842
            },
            "7": {
                "joules": 23.01,
                "seconds": 0.858076435
            },
            "8": {
                "joules": 22.98,
                "seconds": 0.857691444
            },
            "9": {
                "joules": 23.0,
                "seconds": 0.858367921
            },
            "avg": {
                "joules": 22.967,
                "seconds": 0.8561033323
            },
            "stddev": {
                "joules": 0.1014396372233263,
                "seconds": 0.0042620064537526505
            }
        },
        "8192": {
            "0": {
                "joules": 90.67,
                "seconds": 3.345219956
            },
            "1": {
                "joules": 93.15,
                "seconds": 3.414070655
            },
            "2": {
                "joules": 92.37,
                "seconds": 3.396812603
            },
            "3": {
                "joules": 91.99,
                "seconds": 3.398214894
            },
            "4": {
                "joules": 92.21,
                "seconds": 3.37986289
            },
            "5": {
                "joules": 90.66,
                "seconds": 3.354816458
            },
            "6": {
                "joules": 91.69,
                "seconds": 3.396366312
            },
            "7": {
                "joules": 91.93,
                "seconds": 3.399477387
            },
            "8": {
                "joules": 92.93,
                "seconds": 3.421757891
            },
            "9": {
                "joules": 93.37,
                "seconds": 3.424663182
            },
            "avg": {
                "joules": 92.09700000000001,
                "seconds": 3.3931262228000003
            },
            "stddev": {
                "joules": 0.9319519539356356,
                "seconds": 0.026419490643305524
            }
        },
        "16384": {
            "0": {
                "joules": 371.79,
                "seconds": 13.627403048
            },
            "1": {
                "joules": 371.8,
                "seconds": 13.635907812
            },
            "2": {
                "joules": 371.48,
                "seconds": 13.645997269
            },
            "3": {
                "joules": 371.46,
                "seconds": 13.613582076
            },
            "4": {
                "joules": 371.37,
                "seconds": 13.611873978
            },
            "5": {
                "joules": 370.31,
                "seconds": 13.615160858
            },
            "6": {
                "joules": 372.16,
                "seconds": 13.637359906
            },
            "7": {
                "joules": 369.06,
                "seconds": 13.560616022
            },
            "8": {
                "joules": 366.56,
                "seconds": 13.561464407
            },
            "9": {
                "joules": 369.95,
                "seconds": 13.599673977
            },
            "avg": {
                "joules": 370.594,
                "seconds": 13.6109039353
            },