{
    "-O0": {
        "0": {
            "joules": 11.4,
            "seconds": 0.408132251
        },
        "1": {
            "joules": 11.1,
            "seconds": 0.391082655
        },
        "2": {
            "joules": 11.26,
            "seconds": 0.396694062
        },
        "3": {
            "joules": 11.13,
            "seconds": 0.391164258
        },
        "4": {
            "joules": 11.21,
            "seconds": 0.393797692
        },
        "5": {
            "joules": 11.1,
            "seconds": 0.390644035
        },
        "6": {
            "joules": 11.18,
            "seconds": 0.393278802
        },
        "7": {
            "joules": 11.08,
            "seconds": 0.390871635
        },
        "8": {
            "joules": 11.13,
            "seconds": 0.390879407
        },
        "9": {
            "joules": 11.17,
            "seconds": 0.392349646
        },
        "avg": {
            "joules": 11.176,
            "seconds": 0.3938894443
        },
        "stddev": {
            "joules": 0.09628660919936441,
            "seconds": 0.005348733910748228
        }
    },
    "-O1": {
        "0": {
            "joules": 12.32,
            "seconds": 0.438287487
        },
        "1": {
            "joules": 12.15,
            "seconds": 0.426991841
        },
        "2": {
            "joules": 12.04,
            "seconds": 0.423165473
        },
        "3": {
            "joules": 12.17,
            "seconds": 0.427373633
        },
        "4": {
            "joules": 12.11,
            "seconds": 0.426155147
        },
        "5": {
            "joules": 12.13,
            "seconds": 0.427003436
        },
        "6": {
            "joules": 12.21,
            "seconds": 0.428693477
        },
        "7": {
            "joules": 12.24,
            "seconds": 0.430212227
        },
        "8": {
            "joules": 12.13,
            "seconds": 0.42631875
        },
        "9": {
            "joules": 12.22,
            "seconds": 0.428748971
        },
        "avg": {
            "joules": 12.172,
            "seconds": 0.4282950442
        },
        "stddev": {
            "joules": 0.07857056276579275,
            "seconds": 0.003984724856602536
        }
    },
    "-O2": {
        "0": {
            "joules": 12.72,
            "seconds": 0.446658712
        },
        "1": {
            "joules": 12.73,
            "seconds": 0.447670582
        },
        "2": {
            "joules": 12.8,
            "seconds": 0.453574743
        },
        "3": {
            "joules": 12.8,
            "seconds": 0.449886286
        },
        "4": {
            "joules": 12.82,
            "seconds": 0.449393857
        },
        "5": {
            "joules": 12.75,
            "seconds": 0.447197817
        },
        "6": {
            "joules": 12.86,
            "seconds": 0.45157267
        },
        "7": {
            "joules": 12.88,
            "seconds": 0.452465915
        },
        "8": {
            "joules": 12.97,
            "seconds": 0.455412538
        },
        "9": {
            "joules": 12.79,
            "seconds": 0.449087823
        },
        "avg": {
            "joules": 12.812000000000001,
            "seconds": 0.4502920943
        },
        "stddev": {
            "joules": 0.07583608053631938,
            "seconds": 0.0028950191403209883
        }
    },
    "-O3": {
        "0": {
            "joules": 12.95,
            "seconds": 0.460001469
        },
        "1": {
            "joules": 12.98,
            "seconds": 0.454238542
        },
        "2": {
            "joules": 12.94,
            "seconds": 0.454748096
        },
        "3": {
            "joules": 12.96,
            "seconds": 0.458194096
        },
        "4": {
            "joules": 12.93,
            "seconds": 0.453953576
        },
        "5": {
            "joules": 12.91,
            "seconds": 0.454557246
        },
        "6": {
            "joules": 13.01,
            "seconds": 0.455395114
        },
        "7": {
            "joules": 12.83,
            "seconds": 0.451209931
        },
        "8": {
            "joules": 12.99,
            "seconds": 0.457283692
        },
        "9": {
            "joules": 12.82,
            "seconds": 0.451468439
        },
        "avg": {
            "joules": 12.932,
            "seconds": 0.4551050201
        },
        "stddev": {
            "joules": 0.06356099432828279,
            "seconds": 0.0027738634859814557
        }
    }
}