{
    "-O0": {
        "4096": {
            "0": {
                "joules": 82.02,
                "seconds": 2.964639373
            },
            "1": {
                "joules": 82.02,
                "seconds": 2.96387637
            },
            "2": {
                "joules": 81.88,
                "seconds": 2.964948781
            },
            "3": {
                "joules": 81.12,
                "seconds": 2.929326359
            },
            "4": {
                "joules": 81.55,
                "seconds": 2.947625724
            },
            "5": {
                "joules": 81.61,
                "seconds": 2.949541465
            },
            "6": {
                "joules": 81.73,
                "seconds": 2.955697938
            },
            "7": {
                "joules": 81.97,
                "seconds": 2.964395364
            },
            "8": {
                "joules": 81.9,
                "seconds": 2.959163334
            },
            "9": {
                "joules": 81.3,
                "seconds": 2.937283689
            },
            "avg": {
                "joules": 81.71,
                "seconds": 2.9536498396999997
            },
            "stddev": {
                "joules": 0.3121609271584829,
                "seconds": 0.012542057123024648
            }
        },
        "8192": {
            "0": {
                "joules": 326.67,
                "seconds": 11.799211231
            },
            "1": {
                "joules": 327.58,
                "seconds": 11.83048152
            },
            "2": {
                "joules": 327.91,
                "seconds": 11.843461193
            },
            "3": {
                "joules": 327.76,
                "seconds": 11.834126275
            },
            "4": {
                "joules": 328.08,
                "seconds": 11.852343065
            },
            "5": {
                "joules": 328.01,
                "seconds": 11.855043128
            },
            "6": {
                "joules": 327.35,
                "seconds": 11.828185378
            },
            "7": {
                "joules": 325.52,
                "seconds": 11.749041842
            },
            "8": {
                "joules": 327.72,
                "seconds": 11.833278212
            },
            "9": {
                "joules": 327.68,
                "seconds": 11.833716205
            },
            "avg": {
                "joules": 327.428,
                "seconds": 11.8258888049
            },
            "stddev": {
                "joules": 0.7816904758278719,
                "seconds": 0.03106594175798623
            }
        },
        "16384": {
            "0": {
                "joules": 1309.42,
                "seconds": 47.267306452
            },
            "1": {
                "joules": 1308.67,
                "seconds": 47.262624953
            },
            "2": {
                "joules": 1306.79,
                "seconds": 47.18863345
            },
            "3": {
                "joules": 1304.87,
                "seconds": 47.117650516
            },
            "4": {
                "joules": 1311.69,
                "seconds": 47.351451785
            },
            "5": {
                "joules": 1308.02,
                "seconds": 47.22919791
            },
            "6": {
                "joules": 1308.32,
                "seconds": 47.270774972
            },
            "7": {
                "joules": 1305.59,
                "seconds": 47.148854419
            },
            "8": {
                "joules": 1310.94,
                "seconds": 47.339984869
            },
            "9": {
                "joules": 1307.33,
                "seconds": 47.249598613
            },
            "avg": {
                "joules": 1308.164,
                "seconds": 47.2426077939
            },
            "stddev": {
                "joules": 2.1622221080279194,
                "seconds": 0.07504025022816782
            }
        }
    },
    "-O1": {
        "4096": {
            "0": {
                "joules": 22.01,
                "seconds": 0.806764441
            },
            "1": {
                "joules": 22.22,
                "seconds": 0.806948996
            },
            "2": {
                "joules": 22.21,
                "seconds": 0.806874625
            },
            "3": {
                "joules": 22.2,
                "seconds": 0.806622255
            },
            "4": {
                "joules": 22.22,
                "seconds": 0.806888566
            },
            "5": {
                "joules": 22.21,
                "seconds": 0.806963408
            },
            "6": {
                "joules": 22.02,
                "seconds": 0.807107812
            },
            "7": {
                "joules": 22.1,
                "seconds": 0.807148868
            },
            "8": {
                "joules": 22.19,
                "seconds": 0.806667836
            },
            "9": {
                "joules": 22.2,
                "seconds": 0.80671701
            },
            "avg": {
                "joules": 22.158,
                "seconds": 0.8068703817
            },
            "stddev": {
                "joules": 0.08297255235585062,
                "seconds": 0.00017840293712770473
            }
        },
        "8192": {
            "0": {
                "joules": 88.07,
                "seconds": 3.194027021
            },
            "1": {
                "joules": 88.07,
                "seconds": 3.194410229
            },
            "2": {
                "joules": 88.75,
                "seconds": 3.219573503
            },
            "3": {
                "joules": 88.63,
                "seconds": 3.21315457
            },
            "4": {
                "joules": 88.72,
                "seconds": 3.218399337
            },
            "5": {
                "joules": 88.73,
                "seconds": 3.220057547
            },
            "6": {
                "joules": 88.71,
                "seconds": 3.219486098
            },
            "7": {
                "joules": 87.04,
                "seconds": 3.156107768
            },
            "8": {
                "joules": 88.67,
                "seconds": 3.219402373
            },
            "9": {
                "joules": 88.29,
                "seconds": 3.203991167
            },
            "avg": {
                "joules": 88.368,
                "seconds": 3.2058609613
            },
            "stddev": {
                "joules": 0.540057610095646,
                "seconds": 0.02032796761688748
            }
        },
        "16384": {
            "0": {
                "joules": 353.19,
                "seconds": 12.812788768
            },
            "1": {
                "joules": 355.15,
                "seconds": 12.855876784
            },
            "2": {
                "joules": 353.72,
                "seconds": 12.8156604
            },
            "3": {
                "joules": 354.43,
                "seconds": 12.865510186
            },
            "4": {
                "joules": 353.35,
                "seconds": 12.809601858
            },
            "5": {
                "joules": 354.72,
                "seconds": 12.862674876
            },
            "6": {
                "joules": 353.1,
                "seconds": 12.812851075
            },
            "7": {
                "joules": 354.06,
                "seconds": 12.837984916
            },
            "8": {
                "joules": 351.4,
                "seconds": 12.741353566
            },
            "9": {
                "joules": 353.91,
                "seconds": 12.836971033
            },
            "avg": {
                "joules": 353.70300000000003,
                "seconds": 12.8251273462
            },