{
    "0": {
        "joules": 13.53,
        "seconds": 0.388720253
    },
    "1": {
        "joules": 13.39,
        "seconds": 0.390972049
    },
    "2": {
        "joules": 14.01,
        "seconds": 0.384999421
    },
    "3": {
        "joules": 14.58,
        "seconds": 0.408414842
    },
    "4": {
        "joules": 13.24,
        "seconds": 0.476388695
    },
    "5": {
        "joules": 13.17,
        "seconds": 0.429676342
    },
    "6": {
        "joules": 13.57,
        "seconds": 0.380895523
    },
    "7": {
        "joules": 13.49,
        "seconds": 0.386109614
    },
    "8": {
        "joules": 13.49,
        "seconds": 0.392489214
    },
    "9": {
        "joules": 15.56,
        "seconds": 0.414675153
    },
    "avg": {
        "joules": 13.803,
        "seconds": 0.4053341106
    },
    "stddev": {
        "joules": 0.7413658566007295,
        "seconds": 0.029374308604288895
    }
}