{
    "-O0": {
        "0": {
            "joules": 13.35,
            "seconds": 0.518900867
        },
        "1": {
            "joules": 10.86,
            "seconds": 0.384416818
        },
        "2": {
            "joules": 10.79,
            "seconds": 0.382927811
        },
        "3": {
            "joules": 10.84,
            "seconds": 0.383070858
        },
        "4": {
            "joules": 10.74,
            "seconds": 0.380936085
        },
        "5": {
            "joules": 10.94,
            "seconds": 0.386265067
        },
        "6": {
            "joules": 10.96,
            "seconds": 0.387390099
        },
        "7": {
            "joules": 10.82,
            "seconds": 0.384333927
        },
        "8": {
            "joules": 10.95,
            "seconds": 0.387436565
        },
        "9": {
            "joules": 10.77,
            "seconds": 0.381872855
        },
        "avg": {
            "joules": 11.102,
            "seconds": 0.3977550952
        },
        "stddev": {
            "joules": 0.7936105958074008,
            "seconds": 0.04262349536745767
        }
    },
    "-O1": {
        "0": {
            "joules": 12.28,
            "seconds": 0.452785458
        },
        "1": {
            "joules": 12.06,
            "seconds": 0.42792906
        },
        "2": {
            "joules": 12.15,
            "seconds": 0.435269167
        },
        "3": {
            "joules": 12.07,
            "seconds": 0.426143758
        },
        "4": {
            "joules": 12.06,
            "seconds": 0.428534514
        },
        "5": {
            "joules": 12.04,
            "seconds": 0.425220731
        },
        "6": {
            "joules": 11.99,
            "seconds": 0.425552225
        },
        "7": {
            "joules": 12.16,
            "seconds": 0.429912895
        },
        "8": {
            "joules": 12.29,
            "seconds": 0.432685723
        },
        "9": {
            "joules": 12.16,
            "seconds": 0.429429865
        },
        "avg": {
            "joules": 12.126,
            "seconds": 0.4313463396
        },
        "stddev": {
            "joules": 0.10068653225619463,
            "seconds": 0.00816695116428058
        }
    },
    "-O2": {
        "0": {
            "joules": 12.67,
            "seconds": 0.465665811
        },
        "1": {
            "joules": 12.55,
            "seconds": 0.443453764
        },
        "2": {
            "joules": 12.63,
            "seconds": 0.445468388
        },
        "3": {
            "joules": 12.6,
            "seconds": 0.44648207
        },
        "4": {
            "joules": 12.91,
            "seconds": 0.460493134
        },
        "5": {
            "joules": 12.62,
            "seconds": 0.447617835
        },
        "6": {
            "joules": 12.76,
            "seconds": 0.450142501
        },
        "7": {
            "joules": 12.72,
            "seconds": 0.448985472
        },
        "8": {
            "joules": 12.52,
            "seconds": 0.442899667
        },
        "9": {
            "joules": 12.79,
            "seconds": 0.451910331
        },
        "avg": {
            "joules": 12.677,
            "seconds": 0.4503118973
        },
        "stddev": {
            "joules": 0.11926161718395958,
            "seconds": 0.007386952594261531
        }
    },
    "-O3": {
        "0": {
            "joules": 12.76,
            "seconds": 0.456559639
        },
        "1": {
            "joules": 12.55,
            "seconds": 0.444663952
        },
        "2": {
            "joules": 12.53,
            "seconds": 0.443888449
        },
        "3": {
            "joules": 12.65,
            "seconds": 0.445443712
        },
        "4": {
            "joules": 12.62,
            "seconds": 0.446345984
        },
        "5": {
            "joules": 12.69,
            "seconds": 0.454137649
        },
        "6": {
            "joules": 12.87,
            "seconds": 0.452995922
        },
        "7": {
            "joules": 12.71,
            "seconds": 0.449456863
        },
        "8": {
            "joules": 12.75,
            "seconds": 0.44864198
        },
        "9": {
            "joules": 12.81,
            "seconds": 0.451622818
        },
        "avg": {
            "joules": 12.693999999999999,
            "seconds": 0.4493756968
        },
        "stddev": {
            "joules": 0.10915839663331241,
            "seconds": 0.004345314441578318
        }
    }
}