{
    "-O0": {
        "0": {
            "joules": 10.73,
            "seconds": 0.417177168
        },
        "1": {
            "joules": 9.38,
            "seconds": 0.334052199
        },
        "2": {
            "joules": 9.36,
            "seconds": 0.331458008
        },
        "3": {
            "joules": 9.49,
            "seconds": 0.33504436
        },
        "4": {
            "joules": 9.36,
            "seconds": 0.333825416
        },
        "5": {
            "joules": 9.39,
            "seconds": 0.333743044
        },
        "6": {
            "joules": 9.58,
            "seconds": 0.338806435
        },
        "7": {
            "joules": 9.37,
            "seconds": 0.333922422
        },
        "8": {
            "joules": 9.39,
            "seconds": 0.333092557
        },
        "9": {
            "joules": 9.38,
            "seconds": 0.333437058
        },
        "avg": {
            "joules": 9.543,
            "seconds": 0.3424558667
        },
        "stddev": {
            "joules": 0.4229538981969549,
            "seconds": 0.02632135654664333
        }
    },
    "-O1": {
        "0": {
            "joules": 10.32,
            "seconds": 0.372075895
        },
        "1": {
            "joules": 10.11,
            "seconds": 0.358905907
        },
        "2": {
            "joules": 10.13,
            "seconds": 0.358198503
        },
        "3": {
            "joules": 10.1,
            "seconds": 0.357961562
        },
        "4": {
            "joules": 10.14,
            "seconds": 0.35854929
        },
        "5": {
            "joules": 10.02,
            "seconds": 0.355676809
        },
        "6": {
            "joules": 10.08,
            "seconds": 0.356909561
        },
        "7": {
            "joules": 10.03,
            "seconds": 0.355114574
        },
        "8": {
            "joules": 10.15,
            "seconds": 0.359897916
        },
        "9": {
            "joules": 10.08,
            "seconds": 0.357905078
        },
        "avg": {
            "joules": 10.116,
            "seconds": 0.3591195095
        },
        "stddev": {
            "joules": 0.08369255907453474,
            "seconds": 0.004775913233537903
        }
    },
    "-O2": {
        "0": {
            "joules": 11.42,
            "seconds": 0.409294408
        },
        "1": {
            "joules": 11.13,
            "seconds": 0.394858474
        },
        "2": {
            "joules": 11.21,
            "seconds": 0.395936438
        },
        "3": {
            "joules": 10.98,
            "seconds": 0.389804313
        },
        "4": {
            "joules": 11.13,
            "seconds": 0.39552039
        },
        "5": {
            "joules": 11.12,
            "seconds": 0.393713443
        },
        "6": {
            "joules": 11.06,
            "seconds": 0.390399087
        },
        "7": {
            "joules": 11.06,
            "seconds": 0.390937359
        },
        "8": {
            "joules": 11.03,
            "seconds": 0.389945651
        },
        "9": {
            "joules": 11.05,
            "seconds": 0.390950353
        },
        "avg": {
            "joules": 11.119,
            "seconds": 0.3941359916
        },
        "stddev": {
            "joules": 0.12386820953470395,
            "seconds": 0.005833834984995878
        }
    },
    "-O3": {
        "0": {
            "joules": 11.78,
            "seconds": 0.424466092
        },
        "1": {
            "joules": 11.56,
            "seconds": 0.411530204
        },
        "2": {
            "joules": 11.54,
            "seconds": 0.408599217
        },
        "3": {
            "joules": 11.57,
            "seconds": 0.409302786
        },
        "4": {
            "joules": 11.8,
            "seconds": 0.416002124
        },
        "5": {
            "joules": 11.59,
            "seconds": 0.410965258
        },
        "6": {
            "joules": 11.6,
            "seconds": 0.409034673
        },
        "7": {
            "joules": 11.75,
            "seconds": 0.415568921
        },
        "8": {
            "joules": 11.61,
            "seconds": 0.411081446
        },
        "9": {
            "joules": 11.64,
            "seconds": 0.411136675
        },
        "avg": {
            "joules": 11.644,
            "seconds": 0.4127687396
        },
        "stddev": {
            "joules": 0.09628660919936444,
            "seconds": 0.004816199066443883
        }
    }
}