{
    "0": {
        "joules": 16.51,
        "seconds": 0.445689813
    },
    "1": {
        "joules": 15.14,
        "seconds": 0.385642684
    },
    "2": {
        "joules": 14.92,
        "seconds": 0.377011616
    },
    "3": {
        "joules": 14.8,
        "seconds": 0.367076027
    },
    "4": {
        "joules": 14.87,
        "seconds": 0.368010387
    },
    "5": {
        "joules": 14.97,
        "seconds": 0.378125936
    },
    "6": {
        "joules": 14.97,
        "seconds": 0.377942623
    },
    "7": {
        "joules": 14.91,
        "seconds": 0.376527728
    },
    "8": {
        "joules": 15.05,
        "seconds": 0.379697409
    },
    "9": {
        "joules": 14.83,
        "seconds": 0.36903832
    },
    "avg": {
        "joules": 15.097000000000001,
        "seconds": 0.3824762543
    },
    "stddev": {
        "joules": 0.5066458329049993,
        "seconds": 0.0229623725463492
    }
}