{
    "-O0": {
        "0": {
            "joules": 8.54,
            "seconds": 0.353686479
        },
        "1": {
            "joules": 8.23,
            "seconds": 0.34747444
        },
        "2": {
            "joules": 8.58,
            "seconds": 0.349818817
        },
        "3": {
            "joules": 8.25,
            "seconds": 0.346656706
        },
        "4": {
            "joules": 8.21,
            "seconds": 0.346870453
        },
        "5": {
            "joules": 8.36,
            "seconds": 0.348810699
        },
        "6": {
            "joules": 10.11,
            "seconds": 0.361359168
        },
        "7": {
            "joules": 8.2,
            "seconds": 0.346262041
        },
        "8": {
            "joules": 8.18,
            "seconds": 0.347182026
        },
        "9": {
            "joules": 8.26,
            "seconds": 0.350811578
        },
        "avg": {
            "joules": 8.491999999999999,
            "seconds": 0.3498932407
        },
        "stddev": {
            "joules": 0.5858099805682156,
            "seconds": 0.004641314708931275
        }
    },
    "-O1": {
        "0": {
            "joules": 8.74,
            "seconds": 0.371512912
        },
        "1": {
            "joules": 8.92,
            "seconds": 0.372002004
        },
        "2": {
            "joules": 8.72,
            "seconds": 0.371273165
        },
        "3": {
            "joules": 9.18,
            "seconds": 0.377707463
        },
        "4": {
            "joules": 8.87,
            "seconds": 0.372549155
        },
        "5": {
            "joules": 8.84,
            "seconds": 0.372780087
        },
        "6": {
            "joules": 9.23,
            "seconds": 0.374927638
        },
        "7": {
            "joules": 8.78,
            "seconds": 0.371264161
        },
        "8": {
            "joules": 9.02,
            "seconds": 0.377827944
        },
        "9": {
            "joules": 10.88,
            "seconds": 0.387685786
        },
        "avg": {
            "joules": 9.118,
            "seconds": 0.3749530315
        },
        "stddev": {
            "joules": 0.6432694268776932,
            "seconds": 0.0051225880534585076
        }
    },
    "-O2": {
        "0": {
            "joules": 9.66,
            "seconds": 0.407163492
        },
        "1": {
            "joules": 9.62,
            "seconds": 0.406296838
        },
        "2": {
            "joules": 9.69,
            "seconds": 0.405526026
        },
        "3": {
            "joules": 9.55,
            "seconds": 0.405204056
        },
        "4": {
            "joules": 9.68,
            "seconds": 0.409698943
        },
        "5": {
            "joules": 9.64,
            "seconds": 0.406894861
        },
        "6": {
            "joules": 9.73,
            "seconds": 0.40820269
        },
        "7": {
            "joules": 9.6,
            "seconds": 0.406217687
        },
        "8": {
            "joules": 9.96,
            "seconds": 0.409788857
        },
        "9": {
            "joules": 9.74,
            "seconds": 0.406998682
        },
        "avg": {
            "joules": 9.687,
            "seconds": 0.40719921319999997
        },
        "stddev": {
            "joules": 0.11205653335110236,
            "seconds": 0.0015865360990321602
        }
    },
    "-O3": {
        "0": {
            "joules": 10.11,
            "seconds": 0.425769899
        },
        "1": {
            "joules": 12.14,
            "seconds": 0.440748577
        },
        "2": {
            "joules": 10.54,
            "seconds": 0.434051387
        },
        "3": {
            "joules": 10.47,
            "seconds": 0.431012284
        },
        "4": {
            "joules": 10.28,
            "seconds": 0.429938422
        },
        "5": {
            "joules": 10.16,
            "seconds": 0.429378843
        },
        "6": {
            "joules": 10.13,
            "seconds": 0.427177707
        },
        "7": {
            "joules": 10.09,
            "seconds": 0.427186274
        },
        "8": {
            "joules": 10.17,
            "seconds": 0.429236583
        },
        "9": {
            "joules": 10.37,
            "seconds": 0.430236193
        },
        "avg": {
            "joules": 10.446,
            "seconds": 0.4304736169
        },
        "stddev": {
            "joules": 0.6155250694416202,
            "seconds": 0.004288636148586873
        }
    }
}