{
    "0": {
        "joules": 17.15,
        "seconds": 0.500144005
    },
    "1": {
        "joules": 15.29,
        "seconds": 0.379960882
    },
    "2": {
        "joules": 15.24,
        "seconds": 0.378598697
    },
    "3": {
        "joules": 15.21,
        "seconds": 0.397272089
    },
    "4": {
        "joules": 15.38,
        "seconds": 0.403845495
    },
    "5": {
        "joules": 15.44,
        "seconds": 0.390966862
    },
    "6": {
        "joules": 15.34,
        "seconds": 0.380404324
    },
    "7": {
        "joules": 15.35,
        "seconds": 0.382375557
    },
    "8": {
        "joules": 15.55,
        "seconds": 0.385138407
    },
    "9": {
        "joules": 15.4,
        "seconds": 0.381840174
    },
    "avg": {
        "joules": 15.535,
        "seconds": 0.3980546492
    },
    "stddev": {
        "joules": 0.5758713205029203,
        "seconds": 0.036817333641998774
    }
}